fecha,victima,sexo,edad,fecha_fallecimiento,ID,n_victimas,hora,tipo_calle,calle,comuna,longitud,latitud,acusado
2016-01-01,MOTO,MASCULINO,19,2016-01-01,2016-0001,1,04:00:00,AVENIDA,PIEDRA BUENA AV.,8,-58.47533969,-34.68757022,AUTO
2016-01-02,AUTO,MASCULINO,70,2016-01-02,2016-0002,1,01:15:00,AUTOPISTA,"PAZ, GRAL. AV.",9,-58.50877521,-34.66977709,PASAJEROS
2016-01-03,MOTO,MASCULINO,30,2016-01-03,2016-0003,1,07:00:00,AVENIDA,ENTRE RIOS AV.,1,-58.39040293,-34.63189362,AUTO
2016-01-21,MOTO,MASCULINO,29,2016-02-01,2016-0005,1,05:20:00,AVENIDA,SAN JUAN AV.,1,-58.38718297,-34.6224663,PASAJEROS
2016-01-24,MOTO,MASCULINO,30,2016-01-24,2016-0008,1,18:30:00,AVENIDA,27 DE FEBRERO AV.,8,-58.44451316,-34.68475866,OBJETO FIJO
2016-01-24,MOTO,MASCULINO,29,2016-01-26,2016-0009,1,19:10:00,CALLE,NOGOYA,11,-58.50095869,-34.6082544,AUTO
2016-01-29,MOTO,MASCULINO,18,2016-01-29,2016-0010,1,15:20:00,AUTOPISTA,"PAZ, GRAL. AV.",9,-58.50877521,-34.66977709,AUTO
2016-02-08,MOTO,MASCULINO,22,2016-02-08,2016-0012,1,01:20:00,AVENIDA,BELGRANO AV.,1,-58.38048577,-34.61303893,CARGAS
2016-02-10,PEATON,MASCULINO,16,2016-02-10,2016-0013,1,11:30:00,AVENIDA,ENTRE RIOS AV.,1,-58.39114932,-34.62477387,AUTO
2016-02-14,PEATON,FEMENINO,16,2016-02-14,2016-0015,1,05:14:00,AVENIDA,"SCALABRINI ORTIZ, RAUL AV.",15,-58.4376002,-34.59912758,AUTO
2016-02-14,MOTO,FEMENINO,19,2016-02-14,2016-0016,1,22:00:00,AVENIDA,REGIMIENTO DE PATRICIOS AV.,4,-58.36882665,-34.64291993,AUTO
2016-02-15,PEATON,MASCULINO,59,2016-02-16,2016-0017,1,16:54:00,AVENIDA,"ACOSTA, MARIANO AV.",8,-58.44989671,-34.65970435,MOTO
2016-02-17,PEATON,FEMENINO,65,2016-02-17,2016-0019,1,09:30:00,CALLE,"DE LA TORRE, LISANDRO",9,-58.50990884,-34.65468721,PASAJEROS
2016-02-17,PEATON,MASCULINO,59,2016-03-02,2016-0020,1,16:00:00,CALLE,SUIPACHA,1,-58.37952223,-34.60653282,AUTO
2016-02-17,AUTO,MASCULINO,34,2016-02-17,2016-0021,1,23:35:00,AVENIDA,DIRECTORIO AV.,7,-58.45157703,-34.63063795,AUTO
2016-02-28,AUTO,MASCULINO,34,2016-02-28,2016-0025,1,04:50:00,AUTOPISTA,"PAZ, GRAL. AV.",8,-58.46244952,-34.70524971,AUTO
2016-02-28,AUTO,MASCULINO,30,2016-03-04,2016-0026,1,07:30:00,CALLE,HOLMBERG,12,-58.49216191,-34.54738649,OBJETO FIJO
2016-03-02,PEATON,MASCULINO,50,2016-03-02,2016-0028,1,10:00:00,AVENIDA,VIAMONTE,1,-58.38199706,-34.60028648,CARGAS
2016-03-04,PEATON,MASCULINO,38,2016-03-04,2016-0029,1,17:30:00,AVENIDA,CABILDO AV.,12,-58.47378664,-34.54153077,PASAJEROS
2016-03-12,PEATON,MASCULINO,52,2016-03-12,2016-0034,1,12:30:00,AVENIDA,"ALCORTA, AMANCIO AV.",4,-58.40623949,-34.65076549,PASAJEROS
2016-03-13,MOTO,MASCULINO,34,2016-03-13,2016-0035,1,06:00:00,AVENIDA,CORRIENTES AV.,3,-58.39228965,-34.60443527,PASAJEROS
2016-03-14,MOTO,MASCULINO,36,2016-03-14,2016-0036,1,00:15:00,CALLE,HERRERA,4,-58.37813396,-34.63668504,PASAJEROS
2016-03-19,MOTO,MASCULINO,20,2016-03-19,2016-0037,1,11:00:00,AVENIDA,LAFUENTE AV.,7,-58.46275892,-34.64358293,MOTO
2016-03-21,PEATON,MASCULINO,29,2016-03-21,2016-0038,1,08:06:00,AUTOPISTA,"PAZ, GRAL. AV.",8,-58.49683458,-34.67892743,PASAJEROS
2016-03-23,MOTO,MASCULINO,20,2016-03-23,2016-0039,1,01:50:00,AVENIDA,"MITRE, BARTOLOME",3,-58.40603217,-34.6088396,PASAJEROS
2016-03-29,MOTO,MASCULINO,54,2016-03-29,2016-0041,2,11:00:00,AVENIDA,DIRECTORIO AV.,7,-58.4607655,-34.63350444,CARGAS
2016-03-29,MOTO,MASCULINO,37,2016-03-30,2016-0041,2,11:00:00,AVENIDA,DIRECTORIO AV.,7,-58.4607655,-34.63350444,CARGAS
2016-03-30,PEATON,FEMENINO,56,2016-03-30,2016-0043,1,18:15:00,AVENIDA,"DELLEPIANE, LUIS, TTE. GRAL.",8,-58.47832463,-34.67494416,CARGAS
2016-03-31,MOTO,MASCULINO,24,2016-03-31,2016-0044,1,19:40:00,AVENIDA,"MORENO, JOSE MARIA AV.",7,-58.43213235,-34.63693953,MULTIPLE
2016-04-15,PEATON,MASCULINO,41,2016-04-15,2016-0047,1,05:30:00,CALLE,LIMA,1,-58.38247061,-34.62571878,PASAJEROS
2016-04-19,PEATON,MASCULINO,78,2016-04-19,2016-0050,1,09:50:00,AVENIDA,"GORDILLO, TIMOTEO",8,-58.47305463,-34.68550712,PASAJEROS
2016-04-20,MOTO,MASCULINO,36,2016-04-20,2016-0051,1,04:00:00,AVENIDA,"ALCORTA, AMANCIO AV.",4,-58.40623949,-34.65076549,CARGAS
2016-04-22,PEATON,MASCULINO,38,2016-04-22,2016-0053,1,09:30:00,AVENIDA,TRIUNVIRATO AV.,12,-58.4842918,-34.57558053,PASAJEROS
2016-04-23,MOTO,MASCULINO,30,2016-04-25,2016-0054,1,21:00:00,AUTOPISTA,AUTOPISTA DELLEPIANE LUIS TTE. GRAL.,8,-58.48695354,-34.68795245,MOTO
2016-04-25,PEATON,MASCULINO,79,2016-04-28,2016-0055,1,20:30:00,AVENIDA,"CASTILLA, RAMON, MARISCAL",14,-58.40021959,-34.57964781,CARGAS
2016-04-26,MOTO,MASCULINO,26,2016-04-26,2016-0056,1,04:45:00,AVENIDA,"CAMPOS, LUIS M. AV.",14,-58.42957885,-34.57660058,OBJETO FIJO
2016-05-04,PEATON,FEMENINO,57,2016-05-08,2016-0058,1,14:00:00,CALLE,LIMA,1,-58.38247542,-34.62556293,MOTO
2016-05-08,PEATON,MASCULINO,37,2016-05-26,2016-0059,1,16:30:00,CALLE,CIUDADELA,1,-58.38222219,-34.62728101,PASAJEROS
2016-05-20,PEATON,MASCULINO,20,2016-05-20,2016-0065,1,14:40:00,AVENIDA,GAONA AV.,6,-58.45227946,-34.61068024,AUTO
2016-05-23,AUTO,MASCULINO,30,2016-05-23,2016-0069,1,03:30:00,AVENIDA,ENTRE RIOS AV.,3,-58.39118948,-34.62704273,CARGAS
2016-06-12,PEATON,MASCULINO,42,2016-06-12,2016-0075,1,23:13:00,AUTOPISTA,AUTOPISTA DELLEPIANE LUIS TTE. GRAL.,8,-58.47461076,-34.66874679,AUTO
2016-06-13,PEATON,FEMENINO,53,2016-06-13,2016-0076,1,16:20:00,AVENIDA,SAN MARTIN AV.,15,-58.46210891,-34.60356211,PASAJEROS
2016-06-27,PEATON,MASCULINO,87,2016-07-05,2016-0082,1,18:24:00,AVENIDA,LA PLATA AV.,4,-58.42273092,-34.64228803,AUTO
2016-06-28,PEATON,FEMENINO,76,2016-06-29,2016-0083,1,20:46:00,AVENIDA,"ALBERDI, JUAN BAUTISTA AV.",6,-58.44788671,-34.62539009,MOTO
2016-06-29,PEATON,MASCULINO,57,2016-07-08,2016-0084,1,22:00:00,CALLE,"PELLEGRINI, CARLOS",1,-58.38110563,-34.60135531,PASAJEROS
2016-06-30,PEATON,MASCULINO,75,2016-07-01,2016-0086,1,16:10:00,AVENIDA,OLIVERA AV.,10,-58.48727942,-34.63652467,PASAJEROS
2016-07-03,MOTO,MASCULINO,23,2016-07-03,2016-0087,1,00:10:00,AUTOPISTA,AUTOPISTA 1 SUR PRESIDENTE ARTURO FRONDIZI,1,-58.37864583,-34.62907067,OBJETO FIJO
2016-07-11,PEATON,FEMENINO,70,2016-07-14,2016-0088,1,15:30:00,CALLE,CERETTI,12,-58.5015175,-34.56767549,AUTO
2016-07-14,PEATON,MASCULINO,35,2016-07-14,2016-0089,1,06:40:00,AUTOPISTA,"LUGONES, LEOPOLDO AV.",13,-58.43233425,-34.55185825,AUTO
2016-07-14,PEATON,MASCULINO,60,2016-07-15,2016-0090,1,22:00:00,AVENIDA,"SALGUERO, JERONIMO",5,-58.41971993,-34.6111224,PASAJEROS
2016-07-15,MOTO,MASCULINO,24,2016-07-15,2016-0092,1,11:00:00,AUTOPISTA,"PAZ, GRAL. AV.",13,-58.46743471,-34.53476874,CARGAS
2016-07-17,AUTO,MASCULINO,35,2016-07-19,2016-0093,1,03:30:00,AVENIDA,"ALBERDI, JUAN BAUTISTA AV.",6,-58.44362126,-34.62301748,AUTO
2016-07-23,MOTO,MASCULINO,29,2016-07-23,2016-0095,1,06:12:00,AVENIDA,MERCEDES,11,-58.51713095,-34.59546519,AUTO
2016-07-26,PEATON,MASCULINO,80,2016-08-12,2016-0097,1,18:45:00,CALLE,SOLIS,1,-58.39038605,-34.6156281,AUTO
2016-08-03,MOTO,MASCULINO,57,2016-08-03,2016-0100,1,23:27:00,AUTOPISTA,"PAZ, GRAL. AV.",12,-58.49491054,-34.54795581,OBJETO FIJO
2016-08-14,MOTO,MASCULINO,21,2016-08-15,2016-0104,1,21:15:00,AVENIDA,ZINNY,9,-58.46635001,-34.65624369,PASAJEROS
2016-08-17,PEATON,MASCULINO,19,2016-08-26,2016-0105,1,00:05:00,AVENIDA,"LACROZE, FEDERICO AV.",15,-58.45343236,-34.58435809,PASAJEROS
2016-08-24,AUTO,FEMENINO,53,2016-08-24,2016-0109,1,05:45:00,AUTOPISTA,AUTOPISTA PERITO MORENO,9,-58.52280139,-34.63659934,OBJETO FIJO
2016-08-25,MOTO,MASCULINO,27,2016-08-25,2016-0111,1,09:30:00,AUTOPISTA,LUGONES,15,-58.47461905,-34.57663634,CARGAS
2016-08-27,MOTO,MASCULINO,24,2016-08-27,2016-0112,1,04:40:00,AUTOPISTA,AUTOPISTA 25 DE MAYO,1,-58.38268809,-34.62282019,OBJETO FIJO
2016-08-31,BICICLETA,FEMENINO,55,2016-08-31,2016-0114,1,11:20:00,CALLE,"SALGUERO, JERONIMO",14,-58.41848605,-34.59394733,CARGAS
2016-09-02,MOTO,MASCULINO,30,2016-09-02,2016-0116,1,20:20:00,AVENIDA,27 DE FEBRERO AV.,8,-58.44451316,-34.68475866,AUTO
2016-09-04,AUTO,MASCULINO,27,2016-09-04,2016-0118,1,03:30:00,AUTOPISTA,AUTOPISTA 1 SUR PRESIDENTE ARTURO FRONDIZI,1,-58.37936704,-34.62694503,AUTO
2016-09-13,BICICLETA,MASCULINO,49,2016-09-13,2016-0122,1,07:10:00,AVENIDA,"PERON, EVA AV.",9,-58.47256391,-34.65194557,PASAJEROS
2016-10-02,PEATON,FEMENINO,81,2016-10-02,2016-0128,1,11:30:00,AVENIDA,CASTRO,5,-58.41914024,-34.6305389,PASAJEROS
2016-10-04,MOTO,MASCULINO,29,2016-10-04,2016-0130,1,12:30:00,AUTOPISTA,AUTOPISTA 1 SUR PRESIDENTE ARTURO FRONDIZI,1,-58.37910942,-34.62764717,CARGAS
2016-10-10,AUTO,MASCULINO,30,2016-10-10,2016-0132,1,02:30:00,AVENIDA,SAN JUAN AV.,3,-58.41036975,-34.62477021,PASAJEROS
2016-10-14,MOTO,MASCULINO,41,2016-10-25,2016-0133,1,00:05:00,AVENIDA,LAS HERAS GENERAL AV.,14,-58.40204698,-34.5834269,AUTO
2016-10-23,MOTO,MASCULINO,25,2016-10-23,2016-0134,1,05:00:00,AVENIDA,PIEDRA BUENA AV.,8,-58.48935287,-34.67648597,OBJETO FIJO
2016-11-05,MOTO,MASCULINO,46,2016-11-05,2016-0142,1,23:30:00,AVENIDA,DEL LIBERTADOR AV.,1,-58.37533517,-34.59276462,PASAJEROS
2016-11-07,MOTO,MASCULINO,39,2016-11-07,2016-0145,1,20:56:00,AVENIDA,DEL LIBERTADOR AV.,13,-58.44523595,-34.55953855,AUTO
2016-11-16,MOVIL,MASCULINO,55,2016-11-16,2016-0147,1,21:15:00,AVENIDA,INDEPENDENCIA AV.,1,-58.38896772,-34.61799615,PASAJEROS
2016-11-18,CARGAS,MASCULINO,41,2016-11-18,2016-0150,1,18:20:00,AVENIDA,"ALCORTA, AMANCIO AV.",4,-58.40879146,-34.65273216,CARGAS
2016-11-23,MOTO,MASCULINO,42,2016-11-24,2016-0152,1,21:10:00,AVENIDA,"MORENO, PERITO AV.",7,-58.46451841,-34.64991946,AUTO
2016-11-25,PEATON,FEMENINO,83,2016-11-25,2016-0153,1,15:42:00,AVENIDA,ARAOZ,15,-58.4291709,-34.59485488,MOTO
2016-11-26,MOTO,MASCULINO,23,2016-11-30,2016-0156,1,19:40:00,AVENIDA,INDEPENDENCIA AV.,3,-58.40638983,-34.61943202,PASAJEROS
2016-12-06,CARGAS,MASCULINO,29,2016-12-06,2016-0160,1,05:30:00,AUTOPISTA,AUTOPISTA PERITO MORENO,9,-58.51927194,-34.63635787,OBJETO FIJO
2016-12-06,PEATON,MASCULINO,50,2016-12-06,2016-0161,1,07:22:00,AVENIDA,SANTA FE AV.,14,-58.42525456,-34.57866344,PASAJEROS
2016-12-07,PEATON,MASCULINO,38,2017-01-01,2016-0162,1,05:00:00,AVENIDA,"LACROZE, FEDERICO AV.",15,-58.45396573,-34.58518167,AUTO
2016-12-13,MOTO,MASCULINO,43,2016-12-13,2016-0168,1,10:40:00,AVENIDA,LA PLATA AV.,4,-58.42323628,-34.64119105,AUTO
2016-12-15,MOTO,MASCULINO,24,2016-12-16,2016-0169,1,15:30:00,AVENIDA,NUÑEZ.,12,-58.47935434,-34.55676497,PASAJEROS
2016-12-19,MOTO,MASCULINO,21,2016-12-19,2016-0170,1,17:10:00,AUTOPISTA,"PAZ, GRAL. AV.",12,-58.50598256,-34.5637998,AUTO
2016-12-26,MOTO,MASCULINO,38,2016-12-26,2016-0172,1,08:00:00,AVENIDA,"GARAY, JUAN DE AV.",5,-58.41918902,-34.63174259,CARGAS
2017-01-02,MOTO,MASCULINO,18,2017-01-02,2017-0001,1,01:00:00,AVENIDA,"JUSTO, JUAN B. AV.",11,-58.4659423,-34.61028571,CARGAS
2017-01-05,CARGAS,MASCULINO,33,2017-01-05,2017-0003,1,03:10:00,AVENIDA,OLAVARRIA,4,-58.38957669,-34.64410277,CARGAS
2017-01-11,PEATON,MASCULINO,48,2017-01-11,2017-0007,1,17:00:00,CALLE,LIMA,1,-58.3816166,-34.61529543,MULTIPLE
2017-01-16,MOTO,MASCULINO,29,2017-01-16,2017-0008,1,00:40:00,CALLE,"CABRERA, JOSE A.",14,-58.43917004,-34.58494351,PASAJEROS
2017-01-16,MOTO,MASCULINO,36,2017-01-16,2017-0009,1,13:56:00,AUTOPISTA,AUTOPISTA 25 DE MAYO,5,-58.41595919,-34.62743346,CARGAS
2017-01-16,MOTO,MASCULINO,23,2017-01-16,2017-0010,1,16:30:00,AVENIDA,DIRECTORIO AV.,6,-58.4356488,-34.62828656,AUTO
2017-01-22,MOTO,FEMENINO,29,2017-01-22,2017-0011,1,02:30:00,AUTOPISTA,"PAZ, GRAL. AV.",12,-58.5007381,-34.5497951,OBJETO FIJO
2017-01-24,MOTO,MASCULINO,30,2017-01-24,2017-0012,1,14:00:00,CALLE,TRAFUL,4,-58.40969005,-34.6505529,CARGAS
2017-01-27,PEATON,MASCULINO,4,2017-01-27,2017-0013,1,07:00:00,AVENIDA,"IRIARTE, GRAL. AV.",4,-58.38972622,-34.65098981,CARGAS
2017-01-28,MOTO,FEMENINO,22,2017-01-28,2017-0014,1,08:27:34,AVENIDA,DONADO,12,-58.49185972,-34.55046754,MULTIPLE
2017-02-02,PEATON,MASCULINO,82,2017-02-21,2017-0015,1,15:18:03,AVENIDA,CORDOBA AV.,2,-58.39293417,-34.59963642,AUTO
2017-02-03,MOTO,MASCULINO,27,2017-02-04,2017-0016,1,05:12:21,AUTOPISTA,AUTOPISTA 25 DE MAYO,1,-58.38099494,-34.62288231,CARGAS
2017-02-06,MOTO,MASCULINO,32,2017-02-06,2017-0017,1,08:00:00,AVENIDA,"JUSTO, JUAN B. AV.",14,-58.429012,-34.58095431,AUTO
2017-02-09,MOTO,MASCULINO,30,2017-02-09,2017-0018,1,07:00:00,AUTOPISTA,"PAZ, GRAL. AV.",9,-58.50877521,-34.66977709,AUTO
2017-02-18,MOTO,MASCULINO,43,2017-02-18,2017-0021,1,05:30:00,CALLE,SARMIENTO,1,-58.38362373,-34.60509972,PASAJEROS
2017-02-23,PEATON,MASCULINO,39,2017-02-23,2017-0024,1,20:50:00,AVENIDA,RIVADAVIA AV.,7,-58.46589308,-34.62955795,PASAJEROS
2017-02-26,AUTO,FEMENINO,23,2017-02-26,2017-0026,2,05:15:00,AVENIDA,"MORENO, PERITO AV.",4,-58.41842777,-34.64979057,OBJETO FIJO
2017-02-26,AUTO,MASCULINO,19,2017-02-26,2017-0026,2,05:15:00,AVENIDA,"MORENO, PERITO AV.",4,-58.41842777,-34.64979057,OBJETO FIJO
2017-02-26,PEATON,MASCULINO,37,2017-02-26,2017-0027,1,21:57:00,AVENIDA,CASEROS AV.,1,-58.38332245,-34.6319325,AUTO
2017-02-28,PEATON,MASCULINO,87,2017-02-28,2017-0028,1,09:20:00,AVENIDA,GAONA AV.,6,-58.45475488,-34.61196327,AUTO
2017-03-07,AUTO,FEMENINO,27,2017-03-07,2017-0030,1,08:00:00,AVENIDA,MOZART,9,-58.47010988,-34.65872088,PASAJEROS
2017-03-11,AUTO,MASCULINO,70,2017-03-11,2017-0031,1,01:30:00,CALLE,24 DE NOVIEMBRE,3,-58.4099756,-34.62873635,OBJETO FIJO
2017-03-12,AUTO,FEMENINO,40,2017-03-12,2017-0032,1,05:00:00,AUTOPISTA,"PAZ, GRAL. AV.",8,-58.48892175,-34.68359163,AUTO
2017-03-12,AUTO,MASCULINO,28,2017-03-12,2017-0033,1,07:30:00,AUTOPISTA,"PAZ, GRAL. AV.",11,-58.52466448,-34.60325478,AUTO
2017-03-13,PEATON,MASCULINO,43,2017-03-13,2017-0034,1,07:50:00,CALLE,GODOY CRUZ,14,-58.42554218,-34.57929036,AUTO
2017-03-23,AUTO,MASCULINO,28,2017-03-23,2017-0035,3,05:00:00,AVENIDA,"ACHAVAL RODRIGUEZ, T., DR. AV.",1,-58.35881506,-34.61113641,OBJETO FIJO
2017-03-23,AUTO,MASCULINO,32,2017-03-23,2017-0035,3,05:00:00,AVENIDA,"ACHAVAL RODRIGUEZ, T., DR. AV.",1,-58.35881506,-34.61113641,OBJETO FIJO
2017-03-23,AUTO,MASCULINO,30,2017-03-23,2017-0035,3,05:00:00,AVENIDA,"ACHAVAL RODRIGUEZ, T., DR. AV.",1,-58.35881506,-34.61113641,OBJETO FIJO
2017-03-29,MOTO,FEMENINO,37,2017-03-29,2017-0036,2,18:00:00,AUTOPISTA,"PAZ, GRAL. AV.",12,-58.51452347,-34.58159762,PASAJEROS
2017-03-29,MOTO,MASCULINO,20,2017-03-29,2017-0036,2,18:00:00,AUTOPISTA,"PAZ, GRAL. AV.",12,-58.51452347,-34.58159762,PASAJEROS
2017-03-31,MOTO,MASCULINO,41,2017-03-31,2017-0037,1,03:00:00,AVENIDA,INDEPENDENCIA AV.,1,-58.38896772,-34.61799615,CARGAS
2017-04-01,MOTO,FEMENINO,40,2017-04-01,2017-0038,1,19:00:00,AVENIDA,CASTAÑARES AV.,7,-58.44516857,-34.64363363,AUTO
2017-04-03,AUTO,MASCULINO,43,2017-04-03,2017-0040,1,09:40:00,AVENIDA,"GUIRALDES, INT.",13,-58.43834197,-34.54560369,MULTIPLE
2017-04-14,MOTO,MASCULINO,21,2017-04-14,2017-0045,1,06:15:00,CALLE,NOGOYA,10,-58.52449285,-34.62454175,OBJETO FIJO
2017-04-23,MOTO,MASCULINO,37,2017-04-23,2017-0047,1,06:30:00,AVENIDA,ARGENTINA AV.,8,-58.46713742,-34.6719879,AUTO
2017-04-27,PEATON,MASCULINO,22,2017-04-27,2017-0049,1,18:16:00,AVENIDA,"FERNANDEZ DE LA CRUZ, F., GRAL. AV.",8,-58.43850413,-34.65554754,PASAJEROS
2017-05-05,PEATON,FEMENINO,47,2017-05-05,2017-0052,1,03:40:00,AUTOPISTA,"PAZ, GRAL. AV.",8,-58.49413799,-34.68095739,CARGAS
2017-05-05,MOTO,MASCULINO,28,2017-05-05,2017-0053,1,20:16:22,CALLE,VIEYTES,4,-58.37547846,-34.65326075,CARGAS
2017-05-07,MOTO,FEMENINO,20,2017-05-07,2017-0054,1,21:00:00,AVENIDA,DE LOS CONSTITUYENTES AV.,15,-58.48680218,-34.58689719,AUTO
2017-05-09,AUTO,MASCULINO,32,2017-05-09,2017-0055,1,08:30:00,AVENIDA,DE LOS CONSTITUYENTES AV.,12,-58.49563989,-34.57962262,AUTO
2017-05-09,PEATON,MASCULINO,80,2017-05-09,2017-0058,1,23:10:00,AVENIDA,CORDOBA AV.,1,-58.38403232,-34.5991594,MOTO
2017-05-11,PEATON,FEMENINO,39,2017-05-11,2017-0059,1,09:24:00,CALLE,BRASIL,1,-58.38223382,-34.62693865,PASAJEROS
2017-05-13,MOTO,MASCULINO,30,2017-05-13,2017-0060,1,07:20:00,AVENIDA,ESCALADA AV.,8,-58.45966521,-34.67323292,OBJETO FIJO
2017-05-15,PEATON,MASCULINO,47,2017-05-16,2017-0061,1,13:29:30,AVENIDA,PARAGUAY,2,-58.39303911,-34.59871111,MOTO
2017-05-15,MOTO,MASCULINO,35,2017-05-15,2017-0062,1,16:00:00,AVENIDA,"JUSTO, JUAN B. AV.",10,-58.51262106,-34.63395999,CARGAS
2017-05-17,PEATON,FEMENINO,79,2017-05-17,2017-0063,1,10:13:00,AVENIDA,CHILE,1,-58.38118367,-34.61646839,PASAJEROS
2017-05-20,CARGAS,MASCULINO,61,2017-05-20,2017-0064,1,05:00:00,CALLE,MAIPU,1,-58.37653284,-34.60582475,AUTO
2017-05-22,BICICLETA,MASCULINO,21,2017-05-22,2017-0065,1,16:00:00,AVENIDA,SUAREZ AV.,4,-58.37709334,-34.64035082,CARGAS
2017-05-22,PEATON,MASCULINO,10,2017-05-22,2017-0066,1,18:10:00,AVENIDA,SAN MARTIN AV.,15,-58.46002142,-34.60409469,PASAJEROS
2017-05-23,MOTO,MASCULINO,21,2017-05-23,2017-0067,1,02:45:00,AVENIDA,DIRECTORIO AV.,6,-58.4338197,-34.62801894,CARGAS
2017-05-27,MOTO,MASCULINO,32,2017-05-27,2017-0068,1,19:50:00,AVENIDA,"RABANAL, FRANCISCO, INTENDENTE AV.",8,-58.43580656,-34.66437532,OBJETO FIJO
2017-05-30,PEATON,MASCULINO,80,2017-05-31,2017-0070,1,13:20:00,CALLE,NUEVA YORK,11,-58.50791763,-34.59804273,AUTO
2017-06-03,AUTO,MASCULINO,25,2017-06-03,2017-0072,1,23:20:00,AVENIDA,DE LOS CONSTITUYENTES AV.,12,-58.49175088,-34.58226957,AUTO
2017-06-04,MOTO,MASCULINO,19,2017-06-04,2017-0073,1,09:00:00,AVENIDA,CORRIENTES AV.,3,-58.40781467,-34.60425669,AUTO
2017-06-12,PEATON,MASCULINO,55,2017-06-12,2017-0075,1,22:38:00,AVENIDA,DE MAYO AV.,1,-58.381542,-34.60906385,MOTO
2017-06-13,PEATON,FEMENINO,30,2017-06-13,2017-0076,1,14:50:00,AVENIDA,"CASTILLO, RAMON S., PRES. AV.",2,-58.38526125,-34.5780581,CARGAS
2017-06-17,MOTO,FEMENINO,60,2017-06-18,2017-0077,1,23:45:00,CALLE,FRAY JUSTO SANTAMARIA DE ORO,14,-58.42934104,-34.58451712,CARGAS
2017-06-19,MOTO,MASCULINO,33,2017-06-19,2017-0079,1,16:26:00,CALLE,MEXICO,3,-58.40657493,-34.61781124,CARGAS
2017-06-22,PEATON,FEMENINO,95,2017-06-22,2017-0080,1,10:15:00,AVENIDA,"ALBERDI, JUAN BAUTISTA AV.",9,-58.49525314,-34.64487785,CARGAS
2017-06-25,PEATON,MASCULINO,36,2017-06-25,2017-0082,1,22:40:00,AVENIDA,ENTRE RIOS AV.,4,-58.39092851,-34.62932696,AUTO
2017-07-04,MOTO,MASCULINO,37,2017-07-04,2017-0083,1,00:25:00,AVENIDA,"ALBERDI, JUAN BAUTISTA AV.",9,-58.49603546,-34.64564271,CARGAS
2017-07-05,PEATON,FEMENINO,73,2017-07-05,2017-0084,1,12:49:00,AVENIDA,DEL LIBERTADOR AV.,2,-58.38502878,-34.58703485,PASAJEROS
2017-07-07,PEATON,MASCULINO,84,2017-07-07,2017-0085,1,14:15:00,AVENIDA,TACUARI,4,-58.37261143,-34.63150425,PASAJEROS
2017-07-09,PEATON,FEMENINO,30,2017-07-09,2017-0086,1,07:30:00,AVENIDA,RIVADAVIA AV.,9,-58.51876802,-34.63905965,MOTO
2017-07-10,PEATON,FEMENINO,73,2017-07-10,2017-0087,1,10:45:00,CALLE,24 DE NOVIEMBRE,3,-58.41095567,-34.61516101,AUTO
2017-07-10,PEATON,MASCULINO,43,2017-07-10,2017-0088,1,22:30:00,AVENIDA,PASEO COLON AV.,1,-58.36797542,-34.62519403,PASAJEROS
2017-07-15,PEATON,MASCULINO,22,2017-07-15,2017-0090,1,05:15:00,AUTOPISTA,CHIVILCOY AV.,11,-58.51925642,-34.59171721,AUTO
2017-07-24,PEATON,MASCULINO,66,2017-07-24,2017-0092,1,22:16:01,AUTOPISTA,AUTOPISTA 25 DE MAYO,1,-58.38268809,-34.62282019,AUTO
2017-07-25,PEATON,MASCULINO,37,2017-07-25,2017-0093,1,16:48:40,AUTOPISTA,"LUGONES, LEOPOLDO AV.",13,-58.43633522,-34.54966288,AUTO
2017-07-27,BICICLETA,FEMENINO,56,2017-07-27,2017-0094,1,08:50:00,CALLE,"HUGO, VICTOR",10,-58.52640838,-34.61765855,CARGAS
2017-08-06,MOTO,MASCULINO,36,2017-08-06,2017-0095,1,08:00:00,AVENIDA,CORDOBA AV.,14,-58.41894306,-34.59778875,AUTO
2017-08-07,PEATON,MASCULINO,87,2017-08-07,2017-0096,1,19:50:00,AVENIDA,CABILDO AV.,13,-58.46756026,-34.54972741,PASAJEROS
2017-08-08,PEATON,FEMENINO,61,2017-08-08,2017-0098,1,12:10:00,CALLE,"BONIFACIO, JOSE",7,-58.45715752,-34.63132912,AUTO
2017-08-17,BICICLETA,MASCULINO,28,2017-08-17,2017-0099,1,19:45:00,AVENIDA,"FIGUEROA ALCORTA, PRES. AV.",14,-58.42406784,-34.56213916,AUTO
2017-08-21,MOTO,FEMENINO,16,2017-08-21,2017-0100,1,07:45:00,CALLE,REPUBLICA BOLIVARIANA DE VENEZUELA,3,-58.3967447,-34.61512051,OBJETO FIJO
2017-08-23,PEATON,FEMENINO,61,2017-08-23,2017-0101,1,10:00:00,AVENIDA,"LACROZE, FEDERICO AV.",13,-58.44537508,-34.57084818,MULTIPLE
2017-08-24,PEATON,MASCULINO,46,2017-08-24,2017-0102,1,01:10:00,AVENIDA,"IRIARTE, GRAL. AV.",4,-58.40056767,-34.6510708,CARGAS
2017-08-25,PEATON,FEMENINO,18,2017-08-25,2017-0104,1,09:00:00,AVENIDA,9 DE JULIO AV.,1,-58.38109568,-34.61853244,CARGAS
2017-08-31,PEATON,FEMENINO,85,2017-08-31,2017-0106,1,19:50:00,CALLE,FRAY JUSTO SANTAMARIA DE ORO,14,-58.42533612,-34.58035258,PASAJEROS
2017-09-01,MOTO,MASCULINO,41,2017-09-01,2017-0107,1,11:30:00,AVENIDA,DEL LIBERTADOR AV.,13,-58.46062311,-34.54395182,CARGAS
2017-09-02,AUTO,MASCULINO,17,2017-09-02,2017-0108,2,04:53:08,AUTOPISTA,"PAZ, GRAL. AV.",12,-58.49491054,-34.54795581,AUTO
2017-09-02,AUTO,MASCULINO,10,2017-09-02,2017-0108,2,04:53:08,AUTOPISTA,"PAZ, GRAL. AV.",12,-58.49491054,-34.54795581,AUTO
2017-09-04,MOTO,MASCULINO,21,2017-09-05,2017-0109,1,21:00:00,AVENIDA,DIRECTORIO AV.,7,-58.47130269,-34.63665402,AUTO
2017-09-06,PEATON,MASCULINO,56,2017-09-07,2017-0110,1,14:15:00,AVENIDA,LAVALLE,1,-58.370488,-34.60189492,PASAJEROS
2017-09-07,PEATON,FEMENINO,79,2017-09-07,2017-0111,1,18:23:37,CALLE,USPALLATA,4,-58.42023854,-34.6423411,CARGAS
2017-09-10,AUTO,MASCULINO,37,2017-09-13,2017-0112,2,09:32:17,AUTOPISTA,AUTOPISTA 25 DE MAYO,7,-58.45807401,-34.6399743,OBJETO FIJO
2017-09-11,PEATON,FEMENINO,76,2017-09-11,2017-0113,1,06:30:00,AVENIDA,SANTA FE AV.,1,-58.37697717,-34.59573848,PASAJEROS
2017-09-15,AUTO,MASCULINO,26,2017-09-15,2017-0114,1,02:30:00,AVENIDA,ALVEAR AV.,2,-58.3910058,-34.5849866,OBJETO FIJO
2017-09-20,MOTO,MASCULINO,22,2017-09-20,2017-0116,1,22:24:00,AUTOPISTA,"PAZ, GRAL. AV.",12,-58.51389422,-34.58075791,OBJETO FIJO
2017-09-22,MOTO,FEMENINO,26,2017-09-29,2017-0118,1,07:02:09,AVENIDA,VIEYTES,4,-58.37585415,-34.65232158,AUTO
2017-10-02,MOTO,MASCULINO,20,2017-10-02,2017-0120,1,15:55:33,AUTOPISTA,AUTOPISTA DELLEPIANE LUIS TTE. GRAL.,9,-58.47297505,-34.66245085,CARGAS
2017-10-10,PEATON,FEMENINO,36,2017-10-10,2017-0123,1,01:05:38,AVENIDA,ALBARIÑO.,8,-58.46855503,-34.67216349,AUTO
2017-10-12,MOTO,MASCULINO,51,2017-10-12,2017-0124,1,14:40:28,CALLE,"RAMIREZ DE VELASCO, JUAN",15,-58.44254033,-34.59185043,PASAJEROS
2017-10-13,MOTO,MASCULINO,29,2017-10-13,2017-0125,1,06:12:20,AVENIDA,"FERNANDEZ DE LA CRUZ, F., GRAL. AV.",8,-58.46622247,-34.67926929,OBJETO FIJO
2017-10-14,AUTO,MASCULINO,36,2017-10-14,2017-0126,2,06:15:00,AVENIDA,RIESTRA AV.,8,-58.48003734,-34.68148508,OBJETO FIJO
2017-10-16,MOTO,MASCULINO,24,2017-10-16,2017-0127,1,07:45:00,AVENIDA,GALLO,2,-58.41192137,-34.59800248,MOTO
2017-10-17,PEATON,FEMENINO,60,2017-10-17,2017-0128,1,12:30:00,CALLE,"ARANGUREN, JUAN F., DR.",6,-58.44034689,-34.61349731,PASAJEROS
2017-10-26,MOTO,MASCULINO,57,2017-10-26,2017-0129,1,19:15:15,AUTOPISTA,AUTOPISTA PERITO MORENO,9,-58.47155277,-34.64925746,PASAJEROS
2017-10-27,AUTO,MASCULINO,23,2017-10-27,2017-0130,1,05:30:00,AVENIDA,CHORROARIN,15,-58.47883099,-34.59967065,CARGAS
2017-10-30,MOTO,MASCULINO,23,2017-10-30,2017-0132,1,14:00:00,AVENIDA,COSQUIN,8,-58.46552171,-34.6937413,PASAJEROS
2017-11-06,PEATON,FEMENINO,47,2017-11-06,2017-0134,1,18:00:00,AVENIDA,"ROCA, CNEL. AV.",8,-58.4423972,-34.66777987,PASAJEROS
2017-11-07,MOTO,MASCULINO,24,2017-11-07,2017-0135,1,12:14:10,AVENIDA,WARNES AV.,15,-58.47032551,-34.59626814,CARGAS
2017-11-16,PEATON,MASCULINO,55,2017-11-16,2017-0136,1,08:43:00,AVENIDA,BARCO CENTENERA DEL,4,-58.41827843,-34.65522746,PASAJEROS
2017-11-17,PEATON,FEMENINO,60,2017-11-17,2017-0137,1,11:45:00,AVENIDA,MOSCONI GENERAL AV.,11,-58.51280715,-34.59279388,CARGAS
2017-11-19,MOTO,MASCULINO,25,2017-11-19,2017-0138,1,10:30:00,AVENIDA,LAFUENTE AV.,7,-58.46258582,-34.64385704,OBJETO FIJO
2017-11-19,AUTO,FEMENINO,15,2017-11-19,2017-0139,1,22:30:00,AVENIDA,"ROCA, CNEL. AV.",8,-58.45064148,-34.68003614,OBJETO FIJO
2017-11-23,PEATON,FEMENINO,22,2017-11-23,2017-0141,1,19:45:00,AVENIDA,LA PLATA AV.,6,-58.42717783,-34.62513374,PASAJEROS
2017-11-25,AUTO,MASCULINO,50,2017-11-25,2017-0143,1,21:45:00,CALLE,"TRELLES, MANUEL R.",11,-58.46442001,-34.60724519,PASAJEROS
2017-11-26,AUTO,FEMENINO,50,2017-11-26,2017-0144,1,06:45:00,AUTOPISTA,"ROCA, CNEL. AV.",8,-58.47064556,-34.69843756,OBJETO FIJO
2017-11-26,MOTO,MASCULINO,58,2017-11-26,2017-0145,1,17:05:00,CALLE,MAZA,5,-58.41677733,-34.61223119,AUTO
2017-11-28,MOTO,MASCULINO,49,2017-11-28,2017-0147,1,11:15:00,AUTOPISTA,"PAZ, GRAL. AV.",9,-58.5025179,-34.67450313,AUTO
2017-11-29,PEATON,FEMENINO,82,2017-11-29,2017-0148,1,10:45:00,AVENIDA,SAN JUAN AV.,3,-58.40708125,-34.62438894,PASAJEROS
2017-11-30,PEATON,MASCULINO,13,2017-11-30,2017-0149,1,12:20:00,AVENIDA,PASEO COLON AV.,1,-58.36947198,-34.61477051,PASAJEROS
2017-12-04,PEATON,MASCULINO,56,2017-12-04,2017-0150,1,01:15:00,AVENIDA,RIVADAVIA AV.,9,-58.51140889,-34.63934531,AUTO
2017-12-04,PEATON,MASCULINO,37,2017-12-04,2017-0151,1,02:15:00,CALLE,VIEYTES,4,-58.37460912,-34.65559133,PASAJEROS
2017-12-06,BICICLETA,MASCULINO,19,2017-12-06,2017-0152,1,17:30:00,CALLE,CACHI,4,-58.41146277,-34.65073916,PASAJEROS
2017-12-11,MOTO,MASCULINO,37,2017-12-12,2017-0153,2,02:00:00,AVENIDA,ROSARIO,6,-58.42855267,-34.61829385,PASAJEROS
2017-12-11,MOTO,MASCULINO,30,2017-12-12,2017-0153,2,02:00:00,AVENIDA,ROSARIO,6,-58.42855267,-34.61829385,PASAJEROS
2017-12-11,PEATON,MASCULINO,76,2017-12-11,2017-0154,1,09:15:00,AVENIDA,ENTRE RIOS AV.,4,-58.39035581,-34.63412287,PASAJEROS
2017-12-17,AUTO,MASCULINO,53,2017-12-17,2017-0157,1,09:02:00,AUTOPISTA,"PAZ, GRAL. AV.",9,-58.52866211,-34.64597065,PASAJEROS
2017-12-18,MOTO,MASCULINO,32,2017-12-18,2017-0158,1,21:30:00,AUTOPISTA,GUALEGUAYCHU,11,-58.52037476,-34.59407024,AUTO
2017-12-20,MOTO,MASCULINO,27,2017-12-20,2017-0159,1,04:31:27,AVENIDA,INDEPENDENCIA AV.,1,-58.38896772,-34.61799615,AUTO
2017-12-22,PEATON,FEMENINO,30,2017-12-22,2017-0160,1,13:15:00,AVENIDA,NAZCA AV.,7,-58.47074114,-34.62771756,MOTO
2017-12-26,PEATON,FEMENINO,30,2017-12-26,2017-0161,1,15:30:00,AVENIDA,"PERON, EVA AV.",9,-58.48200819,-34.65969965,AUTO
2018-01-01,PEATON,MASCULINO,83,2018-01-02,2018-0001,1,22:50:00,AVENIDA,SAN JUAN AV.,3,-58.39536773,-34.62297346,MOTO
2018-01-03,BICICLETA,FEMENINO,26,2018-01-03,2018-0002,1,16:40:00,CALLE,PERU,1,-58.37456088,-34.61895467,PASAJEROS
2018-01-05,PEATON,FEMENINO,58,2018-01-05,2018-0003,1,10:12:00,AVENIDA,"PUEYRREDON, HONORIO, DR. AV.",15,-58.44860217,-34.60395657,MULTIPLE
2018-01-09,MOTO,MASCULINO,39,2018-01-09,2018-0004,1,09:40:00,AVENIDA,DEL LIBERTADOR AV.,13,-58.46129513,-34.54332766,MULTIPLE
2018-01-09,PEATON,MASCULINO,54,2018-01-09,2018-0005,1,22:30:00,AVENIDA,PASEO COLON AV.,1,-58.36907201,-34.61953517,PASAJEROS
2018-01-10,BICICLETA,FEMENINO,45,2018-01-10,2018-0006,1,21:15:00,CALLE,VALLE,6,-58.44062219,-34.62499107,PASAJEROS
2018-01-11,AUTO,MASCULINO,46,2018-01-11,2018-0007,1,02:30:00,AUTOPISTA,AUTOPISTA PERITO MORENO,9,-58.52502765,-34.63601265,AUTO
2018-01-12,MOTO,FEMENINO,32,2018-01-12,2018-0008,1,17:50:00,AVENIDA,"HUERGO, ING. AV.",1,-58.36659655,-34.61687778,CARGAS
2018-01-14,MOTO,MASCULINO,19,2018-01-14,2018-0009,1,02:00:00,AVENIDA,PILCOMAYO,4,-58.36737389,-34.62763661,MOTO
2018-01-18,MOTO,MASCULINO,40,2018-01-18,2018-0010,1,05:10:00,CALLE,CERVANTES,10,-58.49807953,-34.63038658,CARGAS
2018-01-19,PEATON,MASCULINO,84,2018-01-19,2018-0011,1,10:30:00,AVENIDA,CALLAO AV.,2,-58.39092703,-34.59088447,PASAJEROS
2018-01-26,MOTO,MASCULINO,20,2018-01-26,2018-0012,1,13:30:00,CALLE,OLIDEN,8,-58.46912006,-34.68049201,PASAJEROS
2018-01-28,MOTO,MASCULINO,44,2018-01-28,2018-0013,1,08:15:00,AVENIDA,CONGRESO AV.,12,-58.48661286,-34.56786129,AUTO
2018-01-31,PEATON,MASCULINO,37,2018-02-04,2018-0014,1,20:00:00,AVENIDA,"MORENO, PERITO AV.",7,-58.44074927,-34.65080597,MOTO
2018-02-06,MOTO,MASCULINO,28,2018-02-06,2018-0015,2,01:00:00,AVENIDA,AUSTRALIA AV.,4,-58.38636298,-34.64684275,PASAJEROS
2018-02-06,MOTO,MASCULINO,19,2018-02-06,2018-0015,2,01:00:00,AVENIDA,AUSTRALIA AV.,4,-58.38636298,-34.64684275,PASAJEROS
2018-02-15,MOTO,MASCULINO,31,2018-02-15,2018-0016,1,10:15:00,AVENIDA,DEL LIBERTADOR AV.,1,-58.37533517,-34.59276462,CARGAS
2018-02-17,PEATON,MASCULINO,35,2018-02-20,2018-0017,1,04:15:00,AVENIDA,SAN PEDRITO AV.,7,-58.46963952,-34.63070603,AUTO
2018-02-17,MOTO,MASCULINO,26,2018-02-17,2018-0018,1,07:15:00,CALLE,ISABEL LA CATOLICA,4,-58.37207554,-34.64543658,CARGAS
2018-02-17,PEATON,FEMENINO,80,2018-02-17,2018-0019,1,12:30:00,AVENIDA,LAS HERAS GENERAL AV.,2,-58.39189441,-34.59176378,PASAJEROS
2018-02-19,MOTO,MASCULINO,26,2018-02-19,2018-0020,1,22:00:00,AUTOPISTA,AUTOPISTA PRESIDENTE HECTOR J. CAMPORA,8,-58.45012957,-34.66518343,CARGAS
2018-02-22,PEATON,FEMENINO,62,2018-02-22,2018-0021,1,10:45:00,AVENIDA,"ALCORTA, AMANCIO AV.",4,-58.40184094,-34.64546845,PASAJEROS
2018-02-24,MOTO,MASCULINO,28,2018-02-24,2018-0022,1,00:00:00,AVENIDA,"MONTES DE OCA, MANUEL AV.",4,-58.37441153,-34.63966783,CARGAS
2018-02-24,MOTO,MASCULINO,28,2018-02-24,2018-0023,1,06:00:00,CALLE,BARCO CENTENERA DEL,6,-58.44110156,-34.62082399,AUTO
2018-02-28,PEATON,MASCULINO,70,2018-02-28,2018-0024,1,23:00:00,AVENIDA,ALVAREZ THOMAS AV.,15,-58.47087351,-34.57827342,CARGAS
2018-03-04,PEATON,MASCULINO,70,2018-03-05,2018-0025,1,22:30:00,AVENIDA,AVELLANEDA AV.,7,-58.4596221,-34.6224514,AUTO
2018-03-09,MOVIL,MASCULINO,24,2018-03-09,2018-0026,2,04:45:00,AVENIDA,"RABANAL, FRANCISCO, INTENDENTE AV.",4,-58.41657793,-34.65476216,CARGAS
2018-03-09,MOVIL,MASCULINO,30,2018-03-09,2018-0026,2,04:45:00,AVENIDA,"RABANAL, FRANCISCO, INTENDENTE AV.",4,-58.41657793,-34.65476216,CARGAS
2018-03-11,PEATON,FEMENINO,74,2018-03-11,2018-0027,1,23:00:00,CALLE,CASTRO,5,-58.41911301,-34.63722107,MOTO
2018-03-13,PEATON,MASCULINO,71,2018-03-13,2018-0028,1,15:45:00,AVENIDA,"BILBAO, FRANCISCO AV.",9,-58.47120586,-34.64251042,CARGAS
2018-03-15,MOTO,MASCULINO,26,2018-03-15,2018-0029,1,18:00:00,AVENIDA,NAZCA AV.,11,-58.47418944,-34.62049672,AUTO
2018-03-20,MOTO,MASCULINO,24,2018-03-20,2018-0030,1,01:30:00,AVENIDA,PLAZA,15,-58.46720441,-34.57905579,MOTO
2018-03-28,MOTO,MASCULINO,31,2018-03-28,2018-0031,1,10:15:00,AVENIDA,GAONA AV.,11,-58.46909362,-34.6177971,CARGAS
2018-04-02,PEATON,MASCULINO,70,2018-04-02,2018-0032,1,13:00:00,AVENIDA,CABILDO AV.,13,-58.44704343,-34.5688864,PASAJEROS
2018-04-07,MOTO,FEMENINO,42,2018-04-10,2018-0033,1,07:30:00,AVENIDA,CAMARONES,10,-58.50535541,-34.62902048,CARGAS
2018-04-11,PEATON,MASCULINO,24,2018-04-11,2018-0034,1,18:15:00,AVENIDA,SANTA FE AV.,2,-58.40021675,-34.59522198,PASAJEROS
2018-04-12,PEATON,FEMENINO,39,2018-04-12,2018-0035,1,16:45:00,AVENIDA,RIVADAVIA AV.,7,-58.46325991,-34.62919627,PASAJEROS
2018-04-13,MOTO,MASCULINO,37,2018-04-15,2018-0036,1,23:15:00,AVENIDA,SAN MARTIN AV.,15,-58.49471482,-34.59694755,AUTO
2018-04-18,PEATON,MASCULINO,84,2018-04-19,2018-0037,1,18:45:00,AVENIDA,CORDOBA AV.,2,-58.3987261,-34.59975962,CARGAS
2018-04-20,PEATON,FEMENINO,59,2018-04-20,2018-0038,2,17:10:00,AVENIDA,RIVADAVIA AV.,1,-58.38872177,-34.60885045,AUTO
2018-04-20,PEATON,MASCULINO,61,2018-04-20,2018-0038,2,17:10:00,AVENIDA,RIVADAVIA AV.,1,-58.38872177,-34.60885045,AUTO
2018-04-27,PEATON,FEMENINO,37,2018-04-27,2018-0040,1,11:00:00,CALLE,"FREIRE, RAMON, CAP. GRAL.",13,-58.45686132,-34.57305993,CARGAS
2018-04-27,PEATON,FEMENINO,78,2018-04-27,2018-0041,1,13:30:00,AVENIDA,LA PLATA AV.,4,-58.42281627,-34.64282424,PASAJEROS
2018-04-27,MOTO,MASCULINO,23,2018-04-27,2018-0042,1,18:43:00,CALLE,BRANDSEN,4,-58.38666024,-34.63953396,CARGAS
2018-04-28,MOTO,MASCULINO,25,2018-04-29,2018-0043,1,06:30:00,AVENIDA,"VILARDEBO, TEODORO",11,-58.49122843,-34.61207587,AUTO
2018-04-28,PEATON,FEMENINO,50,2018-04-28,2018-0044,1,09:00:00,AVENIDA,ALBERTI,3,-58.40098306,-34.61866627,AUTO
2018-04-30,AUTO,MASCULINO,60,2018-04-30,2018-0045,1,07:00:00,AVENIDA,ALVAREZ THOMAS AV.,13,-58.45448963,-34.5791692,CARGAS
2018-05-02,PEATON,MASCULINO,11,2018-05-02,2018-0046,1,03:15:00,AUTOPISTA,"PAZ, GRAL. AV.",9,-58.52927982,-34.63931752,AUTO
2018-05-08,PEATON,MASCULINO,82,2018-05-09,2018-0047,1,19:00:00,AVENIDA,CORRIENTES AV.,15,-58.44759966,-34.5917024,PASAJEROS
2018-05-09,PEATON,MASCULINO,57,2018-05-16,2018-0048,1,10:30:00,AVENIDA,RIVADAVIA AV.,7,-58.46411215,-34.62925068,PASAJEROS
2018-05-11,PEATON,FEMENINO,40,2018-05-13,2018-0049,1,19:15:00,CALLE,QUESADA,13,-58.4621322,-34.55395823,AUTO
2018-05-14,PEATON,FEMENINO,47,2018-05-24,2018-0050,1,18:45:00,AVENIDA,CABILDO AV.,13,-58.45669422,-34.5620361,PASAJEROS
2018-05-15,PEATON,FEMENINO,57,2018-05-15,2018-0051,1,21:15:00,CALLE,CALIFORNIA,4,-58.3597716,-34.64341878,AUTO
2018-05-18,PEATON,MASCULINO,78,2018-05-19,2018-0052,1,20:30:00,AVENIDA,"CARRIL, SALVADOR MARIA DEL AV.",15,-58.49820145,-34.59070093,PASAJEROS
2018-05-20,MOTO,MASCULINO,43,2018-05-20,2018-0053,1,02:30:00,CALLE,SAN LUIS,3,-58.4105928,-34.5993918,AUTO
2018-05-22,PEATON,FEMENINO,86,2018-05-25,2018-0054,1,11:15:00,CALLE,LUGONES,12,-58.47969138,-34.57121563,BICICLETA
2018-05-29,MOTO,MASCULINO,21,2018-05-29,2018-0055,1,07:30:00,AVENIDA,INDEPENDENCIA AV.,3,-58.40351561,-34.61883916,AUTO
2018-06-02,PEATON,FEMENINO,69,2018-06-04,2018-0056,1,13:00:00,AVENIDA,RIVADAVIA AV.,9,-58.51973844,-34.63918987,PASAJEROS
2018-06-03,MOTO,MASCULINO,33,2018-06-04,2018-0057,1,03:30:00,CALLE,COMBATE DE LOS POZOS,3,-58.39311376,-34.62163006,PASAJEROS
2018-06-03,MOTO,MASCULINO,26,2018-06-13,2018-0058,1,06:30:00,AVENIDA,CORDOBA AV.,15,-58.43531242,-34.59082159,AUTO
2018-06-08,MOTO,MASCULINO,54,2018-06-08,2018-0059,1,06:20:00,AVENIDA,"GARAY, JUAN DE AV.",5,-58.41178165,-34.63035454,OTRO
2018-06-08,PEATON,MASCULINO,51,2018-06-08,2018-0060,1,12:50:00,AVENIDA,LAVALLE,1,-58.370488,-34.60189492,PASAJEROS
2018-06-10,MOTO,MASCULINO,51,2018-06-10,2018-0061,1,11:15:00,CALLE,ESTADOS UNIDOS,3,-58.39883882,-34.61964833,MOTO
2018-06-14,PEATON,MASCULINO,32,2018-06-14,2018-0062,1,01:00:00,CALLE,ROSARIO,6,-58.44110156,-34.62082399,CARGAS
2018-06-16,PEATON,FEMENINO,28,2018-06-17,2018-0063,1,21:15:00,AVENIDA,"ALEM, LEANDRO N. AV.",1,-58.37093138,-34.59952725,PASAJEROS
2018-06-25,AUTO,MASCULINO,30,2018-06-25,2018-0064,1,01:15:00,AVENIDA,VARELA AV.,7,-58.45855262,-34.63953253,CARGAS
2018-06-26,MOTO,MASCULINO,35,2018-06-26,2018-0065,1,17:30:00,CALLE,"PELLEGRINI, CARLOS",1,-58.38161909,-34.59283447,CARGAS
2018-06-28,PEATON,MASCULINO,73,2018-06-28,2018-0066,1,11:00:00,AVENIDA,CORRIENTES AV.,15,-58.45511899,-34.58698157,PASAJEROS
2018-06-29,PASAJEROS,FEMENINO,81,2018-07-06,2018-0067,1,16:15:00,AVENIDA,"MONTES DE OCA, MANUEL AV.",4,-58.37724226,-34.62973033,AUTO
2018-07-01,MOTO,MASCULINO,21,2018-07-01,2018-0068,1,09:00:00,AVENIDA,CARABOBO AV.,7,-58.45546217,-34.62930339,AUTO
2018-07-04,BICICLETA,MASCULINO,20,2018-07-04,2018-0069,1,21:45:00,AVENIDA,CORDOBA AV.,2,-58.39897064,-34.59954925,PASAJEROS
2018-07-07,MOTO,MASCULINO,33,2018-07-07,2018-0070,1,15:45:00,CALLE,ESTADOS UNIDOS,3,-58.40917826,-34.62126274,PASAJEROS
2018-07-10,MOTO,MASCULINO,37,2018-07-10,2018-0071,1,17:50:00,AVENIDA,MORENO,1,-58.36726348,-34.61099738,CARGAS
2018-07-11,MOTO,MASCULINO,27,2018-07-13,2018-0072,1,13:15:00,AUTOPISTA,AUTOPISTA DELLEPIANE LUIS TTE. GRAL.,8,-58.48267426,-34.68454456,CARGAS
2018-07-11,PEATON,FEMENINO,67,2018-07-11,2018-0073,1,15:45:00,AVENIDA,"IRIARTE, GRAL. AV.",4,-58.39546165,-34.65168841,CARGAS
2018-07-14,AUTO,MASCULINO,25,2018-07-14,2018-0074,1,06:04:00,AVENIDA,"ALBERDI, JUAN BAUTISTA AV.",7,-58.46941984,-34.63376545,CARGAS
2018-07-15,PEATON,MASCULINO,23,2018-07-15,2018-0075,1,07:30:00,AVENIDA,DEL LIBERTADOR AV.,14,-58.40367321,-34.58129246,AUTO
2018-07-16,AUTO,MASCULINO,73,2018-07-16,2018-0076,1,09:30:00,CALLE,"CHAVEZ, JORGE",9,-58.52932872,-34.65014993,CARGAS
2018-07-16,AUTO,MASCULINO,58,2018-07-17,2018-0077,1,23:15:00,CALLE,"URQUIZA, GRAL.",3,-58.40917826,-34.62126274,CARGAS
2018-07-21,PEATON,MASCULINO,27,2018-07-21,2018-0078,1,06:15:00,CALLE,PARAGUAY,2,-58.41264127,-34.59473294,AUTO
2018-07-23,PEATON,MASCULINO,37,2018-07-23,2018-0079,1,07:15:00,AUTOPISTA,DE LOS CORRALES AV.,9,-58.50877521,-34.66977709,CARGAS
2018-07-25,PEATON,MASCULINO,26,2018-07-25,2018-0080,1,22:22:00,AVENIDA,"ALBERDI, JUAN BAUTISTA AV.",9,-58.51232237,-34.6590353,AUTO
2018-07-29,PEATON,MASCULINO,35,2018-07-29,2018-0081,1,06:30:00,AVENIDA,CASTANARES AV.,7,-58.44744156,-34.64567171,MULTIPLE
2018-08-01,MOTO,FEMENINO,17,2018-08-01,2018-0082,1,15:53:00,AVENIDA,LARRAZABAL,9,-58.49441273,-34.65869968,CARGAS
2018-08-02,MOTO,MASCULINO,37,2018-08-02,2018-0083,1,05:20:00,AUTOPISTA,"PAZ, GRAL. AV.",8,-58.47976785,-34.69153196,CARGAS
2018-08-03,PEATON,MASCULINO,45,2018-08-03,2018-0084,1,07:25:00,AVENIDA,"MOREAU DE JUSTO, ALICIA AV.",1,-58.36523349,-34.62260331,CARGAS
2018-08-03,MOTO,FEMENINO,22,2018-08-03,2018-0085,2,18:16:00,AVENIDA,ENTRE RIOS AV.,3,-58.39118948,-34.62704273,PASAJEROS
2018-08-03,MOTO,MASCULINO,30,2018-08-03,2018-0085,2,18:16:00,AVENIDA,ENTRE RIOS AV.,3,-58.39118948,-34.62704273,PASAJEROS
2018-08-10,PEATON,MASCULINO,40,2018-08-10,2018-0086,1,21:44:00,AVENIDA,DIRECTORIO AV.,9,-58.49019551,-34.65015854,PASAJEROS
2018-08-15,PEATON,MASCULINO,75,2018-08-20,2018-0087,1,19:20:00,AVENIDA,PAVON AV.,5,-58.41644362,-34.63023775,PASAJEROS
2018-08-17,MOTO,MASCULINO,37,2018-08-17,2018-0088,1,16:36:00,AUTOPISTA,"PAZ, GRAL. AV.",12,-58.5007381,-34.5497951,CARGAS
2018-08-17,PEATON,MASCULINO,80,2018-08-17,2018-0089,1,17:56:00,AVENIDA,PICHINCHA AV.,4,-58.39626094,-34.63036565,PASAJEROS
2018-08-18,MOTO,MASCULINO,27,2018-08-18,2018-0090,1,10:34:00,AVENIDA,27 DE FEBRERO AV.,8,-58.43284809,-34.67051543,AUTO
2018-08-19,AUTO,FEMENINO,23,2018-08-19,2018-0091,1,18:47:00,AUTOPISTA,AUTOPISTA PERITO MORENO,9,-58.52280139,-34.63659934,AUTO
2018-08-20,MOTO,MASCULINO,23,2018-08-20,2018-0092,1,08:20:00,AVENIDA,CORDOBA AV.,14,-58.4233693,-34.59774487,AUTO
2018-08-20,PEATON,MASCULINO,24,2018-08-20,2018-0093,1,08:41:00,CALLE,15 DE NOVIEMBRE DE 1889,1,-58.38691681,-34.63105973,PASAJEROS
2018-08-23,MOTO,MASCULINO,32,2018-08-23,2018-0094,1,05:35:00,CALLE,"SALGUERO, JERONIMO",14,-58.4116902,-34.5857988,PASAJEROS
2018-08-26,AUTO,FEMENINO,49,2018-08-26,2018-0095,1,00:59:00,AVENIDA,LACARRA AV.,9,-58.46739825,-34.65117757,AUTO
2018-08-31,PEATON,MASCULINO,39,2018-08-31,2018-0096,1,22:20:00,AUTOPISTA,AUTOPISTA PRESIDENTE HECTOR J. CAMPORA.,8,-58.44483258,-34.67152226,AUTO
2018-09-02,AUTO,FEMENINO,35,2018-09-02,2018-0097,1,10:50:00,AVENIDA,VARELA AV.,8,-58.43254025,-34.66128115,OTRO
2018-09-09,AUTO,MASCULINO,55,2018-09-09,2018-0098,2,05:00:00,AUTOPISTA,"PAZ, GRAL. AV.",8,-58.47199387,-34.69640164,AUTO
2018-09-09,AUTO,MASCULINO,54,2018-09-09,2018-0098,2,05:00:00,AUTOPISTA,"PAZ, GRAL. AV.",8,-58.47199387,-34.69640164,AUTO
2018-09-12,PEATON,MASCULINO,18,2018-09-13,2018-0099,1,14:25:00,AVENIDA,RIVADAVIA AV.,7,-58.46411215,-34.62925068,PASAJEROS
2018-09-20,MOTO,FEMENINO,33,2018-09-20,2018-0100,1,10:30:00,AVENIDA,"RAWSON DE DELLEPIANE, ELVIRA AV.",1,-58.36217754,-34.62367156,AUTO
2018-09-21,AUTO,MASCULINO,37,2018-09-21,2018-0101,1,00:15:00,AUTOPISTA,"PAZ, GRAL. AV.",12,-58.48098594,-34.5407313,MULTIPLE
2018-09-21,MOTO,MASCULINO,20,2018-09-21,2018-0102,1,00:30:00,CALLE,FAMATINA,4,-58.41083404,-34.64640709,AUTO
2018-09-27,PEATON,MASCULINO,1,2018-09-29,2018-0103,1,17:51:00,AVENIDA,CASTAÑARES AV.,7,-58.44609828,-34.64446729,MOTO
2018-10-01,MOTO,MASCULINO,22,2018-10-01,2018-0104,1,08:58:00,AUTOPISTA,AUTOPISTA 1 SUR PRESIDENTE ARTURO FRONDIZI,4,-58.37709334,-34.64035082,MOTO
2018-10-03,PEATON,FEMENINO,56,2018-10-03,2018-0105,1,18:12:00,AVENIDA,NAZCA AV.,7,-58.46963952,-34.63070603,PASAJEROS
2018-10-04,MOTO,MASCULINO,27,2018-10-04,2018-0106,1,22:02:00,AVENIDA,"FIGUEROA ALCORTA, PRES. AV.",13,-58.43674281,-34.55161027,MOTO
2018-10-06,PEATON,FEMENINO,62,2018-10-06,2018-0107,1,14:20:00,AVENIDA,RIVADAVIA AV.,3,-58.4059686,-34.61011987,PASAJEROS
2018-10-09,MOTO,MASCULINO,37,2018-10-10,2018-0108,1,14:00:00,AVENIDA,DE LOS ITALIANOS AV.,1,-58.36154069,-34.60463618,AUTO
2018-10-10,PEATON,MASCULINO,34,2018-10-10,2018-0109,1,22:12:00,AVENIDA,TUCUMAN,1,-58.37062179,-34.60066507,PASAJEROS
2018-10-13,PEATON,MASCULINO,60,2018-10-14,2018-0110,1,03:05:00,AVENIDA,CORRIENTES AV.,15,-58.43220014,-34.60207186,MOTO
2018-10-19,MOTO,MASCULINO,28,2018-10-19,2018-0111,1,12:13:00,AUTOPISTA,AUTOPISTA PERITO MORENO,9,-58.46958442,-34.64949724,CARGAS
2018-10-24,MOTO,FEMENINO,28,2018-10-24,2018-0112,1,09:18:00,CALLE,MUÑECAS,15,-58.44671397,-34.59970903,CARGAS
2018-10-25,MOTO,MASCULINO,20,2018-10-25,2018-0113,1,11:00:00,CALLE,"ARTIGAS, JOSE GERVASIO, GRAL.",11,-58.47152163,-34.61474911,CARGAS
2018-10-30,MOTO,MASCULINO,23,2018-10-30,2018-0114,1,02:15:00,AVENIDA,SOLIS,1,-58.39032921,-34.61807951,AUTO
2018-10-31,PEATON,MASCULINO,42,2018-11-01,2018-0115,1,12:30:00,CALLE,"BOSCH, VENTURA",9,-58.52887773,-34.64297861,PASAJEROS
2018-11-01,PEATON,MASCULINO,48,2018-11-08,2018-0116,1,10:50:00,AUTOPISTA,"PAZ, GRAL. AV.",8,-58.49371157,-34.67981324,CARGAS
2018-11-04,MOTO,MASCULINO,30,2018-11-08,2018-0117,1,08:15:00,AVENIDA,"PERON, EVA AV.",9,-58.48266599,-34.66012327,MOTO
2018-11-05,PEATON,FEMENINO,80,2018-11-05,2018-0118,1,14:49:00,AVENIDA,"PERON, JUAN DOMINGO, TTE. GENERAL",3,-58.40612253,-34.60774301,MOTO
2018-11-09,PEATON,FEMENINO,51,2018-11-20,2018-0120,1,13:34:00,AVENIDA,MONROE,12,-58.48250732,-34.57208238,AUTO
2018-11-09,PEATON,FEMENINO,72,2018-11-09,2018-0121,1,16:32:00,AVENIDA,RIVADAVIA AV.,10,-58.49945705,-34.6374328,PASAJEROS
2018-11-12,AUTO,MASCULINO,33,2018-11-12,2018-0122,1,01:00:00,AUTOPISTA,AUTOPISTA DELLEPIANE LUIS TTE. GRAL.,8,-58.47743966,-34.67233407,AUTO
2018-11-15,CARGAS,MASCULINO,44,2018-11-15,2018-0124,1,19:40:00,AUTOPISTA,AUTOPISTA PERITO MORENO,9,-58.52144411,-34.63682499,CARGAS
2018-11-16,PEATON,MASCULINO,29,2018-11-17,2018-0125,1,21:12:00,AVENIDA,SAENZ AV.,4,-58.41650465,-34.65084045,PASAJEROS
2018-11-18,MOTO,MASCULINO,27,2018-11-23,2018-0126,1,12:11:00,AUTOPISTA,"PAZ, GRAL. AV.",9,-58.52994219,-34.64055918,AUTO
2018-11-19,MOTO,MASCULINO,29,2018-11-19,2018-0127,1,09:14:00,AUTOPISTA,"PAZ, GRAL. AV.",12,-58.50993046,-34.56919739,MOTO
2018-11-25,AUTO,MASCULINO,49,2018-11-25,2018-0128,2,04:30:00,AUTOPISTA,"PAZ, GRAL. AV.",9,-58.52844623,-34.64592873,PASAJEROS
2018-11-25,AUTO,FEMENINO,39,2018-11-25,2018-0128,2,04:30:00,AUTOPISTA,"PAZ, GRAL. AV.",9,-58.52844623,-34.64592873,PASAJEROS
2018-11-28,MOTO,MASCULINO,37,2018-11-30,2018-0129,1,04:01:00,AVENIDA,"NEWBERY, JORGE AV.",15,-58.45021367,-34.58695347,PASAJEROS
2018-12-03,MOTO,MASCULINO,37,2018-12-03,2018-0130,1,03:00:00,AVENIDA,GAONA AV.,10,-58.49022072,-34.62770192,PASAJEROS
2018-12-07,MOTO,MASCULINO,29,2018-12-07,2018-0131,1,19:10:00,AVENIDA,"MADERO, EDUARDO AV.",1,-58.36860866,-34.60106568,CARGAS
2018-12-12,PEATON,MASCULINO,70,2018-12-12,2018-0132,1,08:26:00,AUTOPISTA,AUTOPISTA ARTURO ILLIA,2,-58.39490504,-34.57241534,CARGAS
2018-12-12,PEATON,FEMENINO,60,2018-12-12,2018-0133,1,14:07:00,AVENIDA,NAZCA AV.,7,-58.46963952,-34.63070603,CARGAS
2018-12-12,PEATON,MASCULINO,56,2018-12-13,2018-0134,1,21:00:00,AVENIDA,LA PLATA AV.,7,-58.42349365,-34.64019887,MOTO
2018-12-18,PEATON,MASCULINO,80,2018-12-22,2018-0135,1,14:40:00,AVENIDA,BELGRANO AV.,1,-58.37471802,-34.61265002,PASAJEROS
2018-12-18,PEATON,FEMENINO,70,2018-12-18,2018-0136,1,15:42:00,AVENIDA,RIVADAVIA AV.,7,-58.46438789,-34.62913916,PASAJEROS
2018-12-18,MOTO,MASCULINO,29,2018-12-19,2018-0137,1,20:15:00,CALLE,"ALSINA, ADOLFO",1,-58.38481975,-34.61100424,PASAJEROS
2018-12-21,PASAJEROS,FEMENINO,79,2018-12-21,2018-0138,1,09:30:00,CALLE,BERMUDEZ,10,-58.50751833,-34.62073702,PASAJEROS
2018-12-22,MOTO,MASCULINO,28,2018-12-24,2018-0139,1,06:30:00,CALLE,SANTANDER,7,-58.44682986,-34.63888084,MOTO
2018-12-22,AUTO,MASCULINO,78,2018-12-22,2018-0140,1,08:05:00,CALLE,LANTERI JULIETA,1,-58.3600465,-34.61381341,AUTO
2018-12-22,PEATON,MASCULINO,75,2018-12-24,2018-0141,1,17:40:00,AVENIDA,MAZA,5,-58.41509546,-34.62085945,MOTO
2018-12-25,CARGAS,MASCULINO,32,2019-01-01,2018-0142,1,13:30:00,AUTOPISTA,"PAZ, GRAL. AV.",12,-58.50997604,-34.57251072,PASAJEROS
2018-12-29,MOTO,MASCULINO,22,2018-12-29,2018-0143,1,05:25:00,AVENIDA,OLIVERA AV.,10,-58.48606475,-34.64047818,AUTO
2019-01-08,MOTO,MASCULINO,25,2019-01-08,2019-0001,1,08:30:00,AVENIDA,"CASTILLO, RAMON S., PRES. AV.",2,-58.38526125,-34.5780581,CARGAS
2019-01-09,AUTO,MASCULINO,32,2019-01-09,2019-0002,1,04:00:00,AVENIDA,CASTAÑARES AV.,7,-58.45463662,-34.65082149,CARGAS
2019-01-12,MOTO,MASCULINO,23,2019-01-12,2019-0003,1,08:00:00,AVENIDA,SAN MARTIN AV.,15,-58.49121672,-34.59718073,AUTO
2019-01-14,AUTO,MASCULINO,71,2019-01-14,2019-0004,1,19:58:00,AVENIDA,"PERON, EVA AV.",9,-58.47325712,-34.65284605,PASAJEROS
2019-01-19,MOTO,MASCULINO,43,2019-01-19,2019-0005,1,12:00:00,AVENIDA,"JUSTO, JUAN B. AV.",10,-58.52108101,-34.63382309,CARGAS
2019-01-23,PEATON,FEMENINO,12,2019-01-23,2019-0006,1,05:45:00,AVENIDA,"OBLIGADO RAFAEL, AV.COSTANERA",14,-58.41652702,-34.55509606,AUTO
2019-01-26,MOTO,MASCULINO,35,2019-01-26,2019-0007,1,19:34:00,CALLE,"MITRE, BARTOLOME",5,-58.42891604,-34.6107166,AUTO
2019-01-30,MOTO,MASCULINO,42,2019-01-31,2019-0008,1,22:45:00,AUTOPISTA,"PAZ, GRAL. AV.",8,-58.47802293,-34.69156793,MULTIPLE
2019-01-31,MOTO,MASCULINO,34,2019-01-31,2019-0009,1,14:55:00,AVENIDA,CHACABUCO,1,-58.37564821,-34.62200207,AUTO
2019-02-02,PEATON,MASCULINO,37,2019-02-02,2019-0010,2,07:50:00,AVENIDA,DEL LIBERTADOR AV.,14,-58.42668489,-34.56961468,AUTO
2019-02-02,PEATON,MASCULINO,59,2019-02-02,2019-0010,2,07:50:00,AVENIDA,DEL LIBERTADOR AV.,14,-58.42668489,-34.56961468,AUTO
2019-02-10,PEATON,MASCULINO,37,2019-02-10,2019-0011,1,01:00:00,AUTOPISTA,"PAZ, GRAL. AV.",9,-58.5183993,-34.66252488,AUTO
2019-02-17,MOTO,MASCULINO,31,2019-02-20,2019-0012,1,03:16:00,AVENIDA,CASTAÑARES AV.,8,-58.48432691,-34.67665828,AUTO
2019-02-20,PEATON,MASCULINO,39,2019-03-02,2019-0013,1,07:30:00,CALLE,SALVIGNY,7,-58.4338383,-34.64457699,AUTO
2019-02-20,MOTO,MASCULINO,69,2019-02-20,2019-0014,1,17:30:00,CALLE,"LAMARCA, EMILIO",11,-58.51664939,-34.58657938,OBJETO FIJO
2019-02-23,AUTO,MASCULINO,21,2019-02-23,2019-0015,1,06:57:00,AVENIDA,SAN MARTIN AV.,11,-58.49613012,-34.59703502,OBJETO FIJO
2019-02-24,MOTO,MASCULINO,40,2019-02-24,2019-0016,1,02:00:00,CALLE,"CARRILLO, RAMON, DR.",4,-58.38313603,-34.63356284,PASAJEROS
2019-03-03,AUTO,MASCULINO,22,2019-03-07,2019-0017,1,07:00:00,CALLE,MEXICO,3,-58.39914719,-34.61632317,PASAJEROS
2019-03-03,PEATON,FEMENINO,29,2019-03-03,2019-0018,1,23:30:00,AUTOPISTA,"CANTILO, INT.",13,-58.44927253,-34.54048625,AUTO
2019-03-06,MOTO,MASCULINO,37,2019-03-26,2019-0019,1,12:00:00,AVENIDA,DEL LIBERTADOR AV.,13,-58.45049163,-34.55374003,AUTO
2019-03-07,MOTO,MASCULINO,43,2019-03-07,2019-0020,1,21:01:00,AVENIDA,CHICLANA AV.,5,-58.41288952,-34.63572989,AUTO
2019-03-15,MOTO,MASCULINO,23,2019-03-16,2019-0021,1,22:50:00,AVENIDA,BOYACA AV.,7,-58.45743597,-34.62561234,AUTO
2019-03-16,AUTO,MASCULINO,34,2019-03-16,2019-0023,1,08:28:00,AUTOPISTA,"PAZ, GRAL. AV.",9,-58.52922765,-34.63637963,OBJETO FIJO
2019-03-19,MOTO,MASCULINO,32,2019-03-19,2019-0024,1,07:12:00,AVENIDA,ANTARTIDA ARGENTINA AV.,1,-58.37208118,-34.58541957,CARGAS
2019-03-22,PEATON,MASCULINO,27,2019-04-04,2019-0025,1,13:10:00,CALLE,"MITRE, BARTOLOME",5,-58.41458534,-34.60937557,AUTO
2019-03-28,PEATON,MASCULINO,37,2019-03-28,2019-0026,1,07:32:00,AVENIDA,"FERNANDEZ DE LA CRUZ, F., GRAL. AV.",8,-58.47976785,-34.69153196,PASAJEROS
2019-03-28,BICICLETA,MASCULINO,37,2019-03-28,2019-0027,1,11:11:00,AVENIDA,SANTA FE AV.,2,-58.39990285,-34.59511714,MULTIPLE
2019-04-06,PEATON,FEMENINO,37,2019-04-06,2019-0028,1,09:15:00,AVENIDA,"JUSTO, JUAN B. AV.",11,-58.46051346,-34.60588536,PASAJEROS
2019-04-07,MOTO,MASCULINO,27,2019-04-07,2019-0029,1,10:15:00,AVENIDA,"FERNANDEZ DE LA CRUZ, F., GRAL. AV.",8,-58.47976785,-34.69153196,OBJETO FIJO
2019-04-09,MOTO,MASCULINO,25,2019-04-09,2019-0030,1,16:00:00,CALLE,"ALVAREZ, DONATO, TTE. GRAL.",7,-58.45457546,-34.62447891,CARGAS
2019-04-12,BICICLETA,MASCULINO,20,2019-04-12,2019-0031,1,19:55:00,AVENIDA,CORDOBA AV.,1,-58.36951669,-34.59832047,CARGAS
2019-04-16,PEATON,FEMENINO,83,2019-04-18,2019-0032,1,11:00:00,AVENIDA,CAMARONES,11,-58.46415322,-34.6044379,AUTO
2019-04-21,MOTO,MASCULINO,37,2019-04-21,2019-0034,1,09:08:00,AVENIDA,"MORENO, PERITO AV.",7,-58.45537373,-34.65093074,OBJETO FIJO
2019-04-23,PEATON,FEMENINO,75,2019-04-23,2019-0035,1,14:10:00,CALLE,SUIPACHA,1,-58.37942637,-34.60053054,BICICLETA
2019-04-26,MOTO,MASCULINO,34,2019-05-02,2019-0036,1,22:46:00,CALLE,RIGLOS,6,-58.4368044,-34.62147504,AUTO
2019-05-01,MOTO,MASCULINO,17,2019-05-01,2019-0037,1,23:10:00,AVENIDA,LA RIOJA,3,-58.40778291,-34.61971907,AUTO
2019-05-04,PEATON,FEMENINO,42,2019-05-05,2019-0038,1,14:10:00,AVENIDA,"UDAONDO, GUILLERMO AV.",13,-58.45212523,-34.54628513,MOTO
2019-05-05,PEATON,FEMENINO,82,2019-05-08,2019-0105,1,11:00:00,AVENIDA,SANTO TOME,10,-58.50512382,-34.61520391,AUTO
2019-05-09,MOTO,MASCULINO,28,2019-05-09,2019-0039,1,03:05:00,AVENIDA,SAN PEDRITO AV.,7,-58.46749188,-34.63551751,AUTO
2019-05-11,AUTO,FEMENINO,78,2019-05-11,2019-0041,1,20:30:00,AVENIDA,"ALBERDI, JUAN BAUTISTA AV.",9,-58.51140289,-34.65846419,MULTIPLE
2019-05-14,PEATON,MASCULINO,39,2019-05-14,2019-0042,1,15:00:00,CALLE,LIMA,1,-58.38211431,-34.62465368,PASAJEROS
2019-05-21,BICICLETA,FEMENINO,37,2019-05-21,2019-0043,1,09:00:00,AVENIDA,CORDOBA AV.,1,-58.36951669,-34.59832047,CARGAS
2019-05-27,PEATON,FEMENINO,77,2019-05-29,2019-0044,1,12:45:00,AVENIDA,BOEDO AV.,5,-58.41635217,-34.62036547,MOTO
2019-06-03,MOTO,MASCULINO,33,2019-06-03,2019-0045,1,07:27:00,AVENIDA,DEL LIBERTADOR AV.,14,-58.41316147,-34.57579669,CARGAS
2019-06-04,MOTO,FEMENINO,26,2019-06-04,2019-0046,1,09:00:00,AUTOPISTA,"PAZ, GRAL. AV.",13,-58.47617802,-34.53825652,AUTO
2019-06-06,PEATON,MASCULINO,76,2019-06-06,2019-0047,1,10:00:00,AVENIDA,CASEROS AV.,4,-58.38641783,-34.63330028,CARGAS
2019-06-07,MOTO,MASCULINO,32,2019-06-07,2019-0048,1,07:00:00,AVENIDA,AVELLANEDA AV.,6,-58.45322169,-34.62038137,CARGAS
2019-06-08,PEATON,FEMENINO,72,2019-06-09,2019-0049,1,09:20:00,CALLE,CIUDAD DE LA PAZ,13,-58.45849057,-34.56166498,CARGAS
2019-06-08,MOTO,MASCULINO,21,2019-06-09,2019-0050,1,23:35:00,AVENIDA,"SALGUERO, JERONIMO",14,-58.41829559,-34.59411677,CARGAS
2019-06-11,MOTO,MASCULINO,41,2019-06-11,2019-0051,1,10:00:00,CALLE,"FILIBERTO, JUAN DE DIOS",4,-58.36376488,-34.63832093,AUTO
2019-06-14,AUTO,MASCULINO,49,2019-06-14,2019-0053,1,17:20:00,AVENIDA,ASTURIAS AV.,8,-58.46442668,-34.66004784,AUTO
2019-06-20,MOTO,MASCULINO,21,2019-06-20,2019-0054,1,03:00:00,CALLE,GANDARA,15,-58.48222035,-34.58428769,OBJETO FIJO
2019-06-20,MOTO,MASCULINO,47,2019-06-21,2019-0055,1,19:45:00,AVENIDA,"GUEVARA, TRINIDAD",1,-58.36819005,-34.60283208,PASAJEROS
2019-06-29,PEATON,FEMENINO,75,2019-06-29,2019-0056,1,17:16:00,AVENIDA,BOYACA AV.,7,-58.45877601,-34.62330939,AUTO
2019-07-05,PEATON,FEMENINO,63,2019-07-08,2019-0057,1,19:00:00,CALLE,ARTILLEROS,13,-58.44196498,-34.55760517,AUTO
2019-07-10,MOTO,MASCULINO,39,2019-07-10,2019-0058,1,09:20:00,AUTOPISTA,AUTOPISTA PERITO MORENO,10,-58.50622631,-34.63627822,PASAJEROS
2019-07-13,MOTO,MASCULINO,30,2019-07-13,2019-0059,1,22:35:00,CALLE,15 DE NOVIEMBRE DE 1889,1,-58.3841088,-34.63099197,PASAJEROS
2019-07-17,PEATON,FEMENINO,78,2019-07-17,2019-0060,1,11:20:00,AVENIDA,"ACOSTA, MARIANO AV.",10,-58.48100602,-34.63504312,AUTO
2019-07-17,PEATON,FEMENINO,58,2019-07-17,2019-0061,1,18:40:00,CALLE,11 DE SEPTIEMBRE DE 1888,13,-58.45200171,-34.5578132,PASAJEROS
2019-08-01,PEATON,FEMENINO,60,2019-08-02,2019-0062,1,23:00:00,AVENIDA,"PINO, VIRREY DEL",13,-58.44462132,-34.56201105,PASAJEROS
2019-08-04,MOTO,MASCULINO,37,2019-08-04,2019-0063,1,01:30:00,AVENIDA,FOREST AV.,15,-58.45220688,-34.58711712,PASAJEROS
2019-08-06,MOTO,MASCULINO,20,2019-08-06,2019-0064,1,03:15:00,AVENIDA,BOYACA AV.,7,-58.4596221,-34.6224514,AUTO
2019-08-08,PEATON,FEMENINO,55,2019-08-09,2019-0065,1,16:45:00,CALLE,BARCO CENTENERA DEL,4,-58.4197085,-34.65414867,PASAJEROS
2019-08-11,PEATON,MASCULINO,40,2019-08-11,2019-0066,1,21:15:00,AVENIDA,RIESTRA AV.,7,-58.44187596,-34.64938031,AUTO
2019-08-14,MOTO,MASCULINO,35,2019-08-14,2019-0067,1,15:00:00,CALLE,"CASTRO, EMILIO",10,-58.49101637,-34.64276621,CARGAS
2019-08-14,MOTO,MASCULINO,53,2019-08-14,2019-0068,1,17:40:00,AVENIDA,27 DE FEBRERO AV.,8,-58.42493829,-34.66256502,MOTO
2019-08-17,MOTO,MASCULINO,43,2019-08-17,2019-0069,1,05:25:00,AVENIDA,"GARAY, JUAN DE AV.",4,-58.40489318,-34.62930162,AUTO
2019-08-22,MOTO,MASCULINO,25,2019-08-22,2019-0070,1,12:30:00,AVENIDA,"SCALABRINI ORTIZ, RAUL AV.",14,-58.4268668,-34.59217875,BICICLETA
2019-08-27,PEATON,MASCULINO,37,2019-08-27,2019-0071,1,11:30:00,AVENIDA,PRIMERA JUNTA,9,-58.479611,-34.65620398,CARGAS
2019-08-28,AUTO,MASCULINO,22,2019-09-02,2019-0072,1,06:20:00,AVENIDA,"ALBERDI, JUAN BAUTISTA AV.",10,-58.47439934,-34.63524207,AUTO
2019-08-29,AUTO,MASCULINO,29,2019-09-06,2019-0073,1,01:50:00,AVENIDA,ALVAREZ THOMAS AV.,15,-58.46711912,-34.57926018,OBJETO FIJO
2019-08-29,MOTO,MASCULINO,35,2019-08-29,2019-0074,1,09:00:00,AUTOPISTA,"LUGONES, LEOPOLDO AV.",13,-58.46514781,-34.53465378,CARGAS
2019-08-30,MOTO,MASCULINO,31,2019-08-30,2019-0075,1,23:20:00,CALLE,SAN ANTONIO,4,-58.37571078,-34.65584079,PASAJEROS
2019-09-05,MOTO,FEMENINO,29,2019-09-05,2019-0076,1,18:00:00,AUTOPISTA,AUTOPISTA 1 SUR PRESIDENTE ARTURO FRONDIZI,4,-58.37157668,-34.65429986,CARGAS
2019-09-08,PEATON,FEMENINO,28,2019-09-08,2019-0077,1,03:40:00,AVENIDA,"FIGUEROA ALCORTA, PRES. AV.",14,-58.39811256,-34.58070186,AUTO
2019-09-12,PEATON,FEMENINO,72,2019-09-15,2019-0078,1,08:25:00,AVENIDA,"EINSTEIN, ALBERTO",4,-58.41125934,-34.6541774,CARGAS
2019-09-17,MOTO,MASCULINO,57,2019-09-17,2019-0079,1,05:30:00,CALLE,AGRELO,5,-58.41822901,-34.61866836,PASAJEROS
2019-09-17,PEATON,MASCULINO,76,2019-09-17,2019-0080,1,18:40:00,AUTOPISTA,CABILDO AV.,13,-58.47617802,-34.53825652,MOTO
2019-09-23,PEATON,MASCULINO,67,2019-10-07,2019-0081,1,16:00:00,AVENIDA,ELCANO AV.,15,-58.46141281,-34.58623761,PASAJEROS
2019-09-25,BICICLETA,MASCULINO,47,2019-09-25,2019-0082,1,07:45:00,AVENIDA,"RABANAL, FRANCISCO, INTENDENTE AV.",8,-58.42985146,-34.6611974,CARGAS
2019-09-26,AUTO,MASCULINO,73,2019-09-26,2019-0083,1,08:00:00,CALLE,MONTE,9,-58.48457413,-34.6583909,AUTO
2019-09-27,BICICLETA,FEMENINO,40,2019-09-27,2019-0084,1,11:45:00,CALLE,TANDIL,7,-58.46572884,-34.63628186,CARGAS
2019-10-09,BICICLETA,MASCULINO,20,2019-10-09,2019-0085,1,22:18:00,CALLE,CARDOSO,10,-58.49261744,-34.6341913,TREN
2019-10-15,MOTO,MASCULINO,29,2019-10-15,2019-0086,1,14:10:00,AVENIDA,CORRIENTES AV.,15,-58.45283186,-34.5884156,PASAJEROS
2019-10-21,MOTO,MASCULINO,41,2019-10-21,2019-0087,1,21:00:00,AVENIDA,ALVAREZ THOMAS AV.,12,-58.47973681,-34.57418656,MOTO
2019-10-22,PEATON,MASCULINO,27,2019-10-22,2019-0088,1,20:00:00,AVENIDA,"ALCORTA, AMANCIO AV.",4,-58.40623949,-34.65076549,PASAJEROS
2019-10-23,PEATON,FEMENINO,92,2019-10-23,2019-0089,1,15:45:00,AVENIDA,"BROWN, ALTE. AV.",4,-58.36244648,-34.63107887,CARGAS
2019-10-24,PEATON,MASCULINO,67,2019-10-26,2019-0090,1,18:26:00,AVENIDA,"ALBERDI, JUAN BAUTISTA AV.",9,-58.49962423,-34.64868027,MOTO
2019-11-01,PEATON,MASCULINO,35,2019-11-01,2019-0091,1,20:50:00,AVENIDA,"JUSTO, JUAN B. AV.",15,-58.44551437,-34.59559816,PASAJEROS
2019-11-03,PEATON,MASCULINO,37,2019-11-03,2019-0092,1,10:30:00,CALLE,"BRIN, MINISTRO",4,-58.35608181,-34.63420319,PASAJEROS
2019-11-13,BICICLETA,MASCULINO,16,2019-11-13,2019-0093,1,11:50:00,AVENIDA,NIZA,11,-58.46483679,-34.60907662,OTRO
2019-11-18,MOTO,FEMENINO,37,2019-11-18,2019-0094,1,14:00:00,CALLE,CAMARGO,15,-58.44368628,-34.59724326,OTRO
2019-11-20,MOTO,MASCULINO,37,2019-11-20,2019-0095,1,15:30:00,AUTOPISTA,AUTOPISTA 1 SUR PRESIDENTE ARTURO FRONDIZI,1,-58.37864583,-34.62907067,CARGAS
2019-11-22,PEATON,MASCULINO,73,2019-11-22,2019-0096,1,19:33:00,AVENIDA,CASEROS AV.,1,-58.37560352,-34.62726382,PASAJEROS
2019-11-25,MOTO,FEMENINO,23,2019-11-25,2019-0097,1,08:50:00,AUTOPISTA,AUTOPISTA PERITO MORENO,9,-58.47721439,-34.64815069,MULTIPLE
2019-11-25,PASAJEROS,FEMENINO,61,2019-11-29,2019-0098,1,14:00:00,AVENIDA,GUZMAN,15,-58.45134029,-34.58984288,PASAJEROS
2019-12-05,MOTO,MASCULINO,38,2019-12-18,2019-0100,1,17:30:00,AVENIDA,DE LOS CONSTITUYENTES AV.,12,-58.49040794,-34.58368803,AUTO
2019-12-17,MOTO,MASCULINO,25,2019-12-17,2019-0101,1,04:20:00,AVENIDA,"MORENO, PERITO AV.",4,-58.42102679,-34.64991178,MOTO
2019-12-17,MOTO,MASCULINO,18,2019-12-18,2019-0102,1,14:30:00,CALLE,IBARROLA,9,-58.52219407,-34.64143926,AUTO
2019-12-21,MOTO,FEMENINO,23,2019-12-22,2019-0104,1,04:25:00,AVENIDA,RIVADAVIA AV.,10,-58.47460416,-34.63206174,AUTO
2020-01-04,PEATON,FEMENINO,87,2020-01-04,2020-0001,1,10:40:00,CALLE,URIARTE,15,-58.43910409,-34.59213355,AUTO
2020-01-05,MOTO,MASCULINO,36,2020-01-07,2020-0002,1,20:00:00,AVENIDA,SARAZA,7,-58.45019436,-34.64646409,OBJETO FIJO
2020-01-11,PEATON,MASCULINO,44,2020-01-11,2020-0003,1,06:00:00,AVENIDA,RIVADAVIA AV.,3,-58.39337644,-34.60927582,AUTO
2020-01-14,PEATON,MASCULINO,82,2020-01-15,2020-0004,1,21:40:00,AVENIDA,RODRIGUEZ PEÑA,1,-58.39055614,-34.60919284,PASAJEROS
2020-01-14,MOTO,MASCULINO,25,2020-02-10,2020-0005,1,06:00:00,AVENIDA,24 DE NOVIEMBRE,3,-58.41036975,-34.62477021,PASAJEROS
2020-01-20,MOTO,MASCULINO,23,2020-01-20,2020-0006,1,12:55:00,AVENIDA,LAFUENTE AV.,8,-58.44925765,-34.65412546,CARGAS
2020-01-27,PEATON,MASCULINO,52,2020-01-27,2020-0007,1,00:37:00,CALLE,CHILE,1,-58.3815685,-34.61648696,MOTO
2020-01-30,MOTO,MASCULINO,49,2020-01-30,2020-0008,1,07:10:00,AVENIDA,CORDOBA AV.,2,-58.40662899,-34.59804521,CARGAS
2020-02-04,PEATON,MASCULINO,48,2020-02-05,2020-0009,1,14:50:00,CALLE,"PERON, JUAN DOMINGO, TTE. GENERAL",5,-58.41985649,-34.6060085,AUTO
2020-02-08,MOTO,MASCULINO,37,2020-02-08,2020-0010,1,05:45:00,AVENIDA,9 DE JULIO AV.,1,-58.38099833,-34.62214953,OBJETO FIJO
2020-02-12,MOTO,MASCULINO,31,2020-02-12,2020-0011,1,11:29:00,CALLE,COLOMBRES,5,-58.41803309,-34.61823178,CARGAS
2020-02-18,PEATON,FEMENINO,66,2020-02-18,2020-0012,1,21:00:00,CALLE,MEXICO,3,-58.40604003,-34.61783553,MOTO
2020-02-20,PEATON,FEMENINO,58,2020-03-03,2020-0013,1,12:00:00,AVENIDA,COMBATIENTES DE MALVINAS AV.,15,-58.47549929,-34.57994061,MOTO
2020-02-27,MOTO,MASCULINO,37,2020-02-27,2020-0014,1,02:14:00,CALLE,BERMUDEZ,11,-58.51398484,-34.61600366,PASAJEROS
2020-02-28,MOTO,MASCULINO,29,2020-02-28,2020-0015,1,14:30:00,AVENIDA,BRASIL AV.,1,-58.36797542,-34.62519403,PASAJEROS
2020-02-29,PEATON,MASCULINO,68,2020-03-09,2020-0016,1,13:00:00,AVENIDA,"ALEM, LEANDRO N. AV.",1,-58.37133616,-34.59879316,PASAJEROS
2020-03-05,PEATON,MASCULINO,37,2020-03-05,2020-0017,1,23:00:00,AVENIDA,BELGRANO AV.,3,-58.39613805,-34.61413568,AUTO
2020-03-09,MOTO,MASCULINO,31,2020-03-09,2020-0018,1,14:00:00,AVENIDA,"UDAONDO, GUILLERMO AV.",13,-58.44903073,-34.54200276,OBJETO FIJO
2020-03-10,PEATON,FEMENINO,80,2020-03-10,2020-0019,1,21:00:00,CALLE,CONSTITUCION,5,-58.41972364,-34.6284667,AUTO
2020-03-13,PEATON,FEMENINO,74,2020-03-17,2020-0020,1,17:30:00,AVENIDA,PUEYRREDON AV.,3,-58.40571596,-34.60557123,MOTO
2020-03-14,PEATON,FEMENINO,87,2020-03-14,2020-0021,1,16:50:00,CALLE,"BRAVO, MARIO",2,-58.4145159,-34.59488319,AUTO
2020-04-07,AUTO,MASCULINO,44,2020-04-07,2020-0022,1,06:15:00,AUTOPISTA,AUTOPISTA DELLEPIANE LUIS TTE. GRAL.,9,-58.47297505,-34.66245085,CARGAS
2020-04-09,AUTO,MASCULINO,44,2020-05-03,2020-0023,1,18:42:00,AVENIDA,ARAOZ,4,-58.35791192,-34.63695178,CARGAS
2020-04-24,AUTO,MASCULINO,53,2020-04-24,2020-0024,1,07:58:00,CALLE,MURGUIONDO,9,-58.50801713,-34.65177305,AUTO
2020-05-12,PEATON,MASCULINO,37,2020-05-12,2020-0025,1,05:35:00,AVENIDA,RIVADAVIA AV.,3,-58.40258477,-34.60975108,AUTO
2020-05-18,PEATON,MASCULINO,76,2020-05-18,2020-0027,1,08:00:00,AVENIDA,"DELLEPIANE, LUIS, TTE. GRAL.",8,-58.48267426,-34.68454456,CARGAS
2020-05-19,PEATON,MASCULINO,91,2020-05-23,2020-0028,1,10:00:00,AVENIDA,"SCALABRINI ORTIZ, RAUL AV.",15,-58.44248936,-34.60221948,PASAJEROS
2020-06-10,PEATON,MASCULINO,80,2020-06-12,2020-0029,1,14:00:00,AUTOPISTA,"PAZ, GRAL. AV.",9,-58.52909134,-34.63886726,PASAJEROS
2020-06-16,MOTO,MASCULINO,40,2020-06-16,2020-0030,1,15:00:00,AVENIDA,SAN MARTIN AV.,6,-58.45158942,-34.6064658,MULTIPLE
2020-06-30,MOTO,MASCULINO,29,2020-06-30,2020-0031,1,08:00:00,AVENIDA,"GARZON, EUGENIO, GRAL. AV.",9,-58.49344309,-34.65788529,CARGAS
2020-07-10,MOTO,MASCULINO,21,2020-07-10,2020-0032,1,23:00:00,AVENIDA,CORRIENTES AV.,15,-58.44259166,-34.59635137,AUTO
2020-07-19,AUTO,MASCULINO,32,2020-07-19,2020-0033,1,06:25:00,AUTOPISTA,"PAZ, GRAL. AV.",13,-58.46743471,-34.53476874,OBJETO FIJO
2020-08-02,PEATON,FEMENINO,37,2020-08-02,2020-0034,1,03:20:00,CALLE,"MITRE, BARTOLOME",3,-58.41178158,-34.60922259,AUTO
2020-08-04,MOTO,MASCULINO,40,2020-08-04,2020-0035,1,05:30:00,AUTOPISTA,AUTOPISTA 25 DE MAYO,7,-58.45068621,-34.63638927,PASAJEROS
2020-08-07,PEATON,MASCULINO,72,2020-08-22,2020-0036,1,18:40:00,AVENIDA,"SCALABRINI ORTIZ, RAUL AV.",14,-58.42016954,-34.5877879,MOTO
2020-08-29,PEATON,MASCULINO,38,2020-08-29,2020-0037,1,04:30:00,AVENIDA,"FERNANDEZ DE LA CRUZ, F., GRAL. AV.",8,-58.43850413,-34.65554754,AUTO
2020-08-30,AUTO,MASCULINO,46,2020-08-30,2020-0038,2,04:00:00,AVENIDA,LAS HERAS GENERAL AV.,14,-58.40617526,-34.58345898,AUTO
2020-08-30,AUTO,MASCULINO,64,2020-08-30,2020-0038,2,04:00:00,AVENIDA,LAS HERAS GENERAL AV.,14,-58.40617526,-34.58345898,AUTO
2020-09-12,AUTO,MASCULINO,37,2020-09-12,2020-0040,1,03:30:00,AVENIDA,"CASTILLO, RAMON S., PRES. AV.",2,-58.38526125,-34.5780581,OBJETO FIJO
2020-09-28,MOTO,MASCULINO,34,2020-09-28,2020-0041,1,01:45:00,AVENIDA,CURAPALIGUE,7,-58.4475047,-34.63491705,PASAJEROS
2020-09-29,PEATON,FEMENINO,53,2020-09-29,2020-0042,1,17:10:00,AVENIDA,"DIAZ, ANA",8,-58.46745752,-34.68192648,PASAJEROS
2020-09-30,PEATON,MASCULINO,64,2020-09-30,2020-0043,1,17:20:00,AVENIDA,"ALEM, LEANDRO N. AV.",1,-58.37202621,-34.59717942,PASAJEROS
2020-10-05,AUTO,MASCULINO,43,2020-10-05,2020-0044,1,00:20:00,AVENIDA,LA PLATA AV.,6,-58.42779702,-34.62207347,AUTO
2020-10-19,AUTO,MASCULINO,50,2020-10-19,2020-0045,1,03:00:00,AUTOPISTA,"PAZ, GRAL. AV.",8,-58.46244952,-34.70524971,CARGAS
2020-10-27,MOTO,MASCULINO,41,2020-10-27,2020-0046,1,21:00:00,AVENIDA,NAZCA AV.,11,-58.4844016,-34.60776782,MOTO
2020-10-27,PEATON,MASCULINO,15,2020-10-27,2020-0047,1,14:00:00,AUTOPISTA,AUTOPISTA PRESIDENTE HECTOR J. CAMPORA,9,-58.46668375,-34.65174801,CARGAS
2020-10-29,MOTO,MASCULINO,41,2020-10-29,2020-0048,1,20:20:00,AVENIDA,DORREGO AV.,15,-58.4495878,-34.59322448,OBJETO FIJO
2020-10-30,PEATON,MASCULINO,36,2020-10-30,2020-0049,1,20:00:00,AVENIDA,DEL LIBERTADOR AV.,1,-58.37533517,-34.59276462,AUTO
2020-11-01,PEATON,FEMENINO,28,2020-11-01,2020-0050,1,22:00:00,AVENIDA,SANTA FE AV.,14,-58.42525456,-34.57866344,MOTO
2020-11-05,MOTO,MASCULINO,49,2020-11-05,2020-0051,1,00:40:00,AVENIDA,AVELLANEDA AV.,10,-58.48493828,-34.62981124,AUTO
2020-11-07,BICICLETA,MASCULINO,44,2020-11-07,2020-0052,1,06:50:00,AVENIDA,TUCUMAN,3,-58.40480504,-34.60183884,CARGAS
2020-11-09,AUTO,MASCULINO,27,2020-11-09,2020-0053,1,03:30:00,AVENIDA,"ALCORTA, AMANCIO AV.",4,-58.41125934,-34.6541774,AUTO
2020-11-19,BICICLETA,MASCULINO,59,2020-11-23,2020-0054,1,09:00:00,CALLE,INCLAN,4,-58.39956546,-34.6297708,AUTO
2020-11-19,PEATON,MASCULINO,91,2020-12-11,2020-0055,1,12:30:00,AVENIDA,OLAZABAL AV.,12,-58.49005682,-34.5786897,CARGAS
2020-11-21,MOTO,FEMENINO,34,2020-11-21,2020-0056,1,13:00:00,AUTOPISTA,"PAZ, GRAL. AV.",8,-58.47064556,-34.69843756,CARGAS
2020-11-23,PEATON,MASCULINO,84,2020-11-23,2020-0057,1,07:45:00,AVENIDA,NAZCA AV.,11,-58.4750156,-34.61945902,AUTO
2020-11-24,PEATON,MASCULINO,57,2020-11-25,2020-0058,1,16:00:00,AVENIDA,OLIVERA AV.,10,-58.48727942,-34.63652467,AUTO
2020-12-01,PEATON,FEMENINO,49,2020-12-14,2020-0059,1,06:35:00,CALLE,BRASIL,1,-58.3795169,-34.62794241,PASAJEROS
2020-12-03,PEATON,FEMENINO,69,2020-12-03,2020-0060,1,20:30:00,AVENIDA,HOMERO,9,-58.47750832,-34.65672199,MOTO
2020-12-03,MOTO,MASCULINO,45,2020-12-04,2020-0061,1,14:40:00,AUTOPISTA,"CANTILO, INT.",13,-58.44927253,-34.54048625,CARGAS
2020-12-04,BICICLETA,MASCULINO,47,2020-12-04,2020-0062,1,17:19:00,CALLE,MORENO,3,-58.39246272,-34.61253541,PASAJEROS
2020-12-05,PEATON,MASCULINO,38,2020-12-05,2020-0063,2,07:10:00,CALLE,NUEVA YORK,11,-58.52783814,-34.61047001,MOTO
2020-12-05,MOTO,MASCULINO,21,2020-12-05,2020-0063,2,07:10:00,CALLE,NUEVA YORK,11,-58.52783814,-34.61047001,MOTO
2020-12-05,MOTO,MASCULINO,24,2020-12-06,2020-0065,1,16:00:00,AUTOPISTA,"PAZ, GRAL. AV.",12,-58.49332664,-34.54836855,AUTO
2020-12-07,MOTO,MASCULINO,27,2020-12-07,2020-0066,1,04:30:00,AUTOPISTA,AUTOPISTA PERITO MORENO,10,-58.50178784,-34.63593897,OBJETO FIJO
2020-12-11,PEATON,MASCULINO,51,2020-12-11,2020-0067,1,22:00:00,AVENIDA,SAENZ AV.,4,-58.41657793,-34.65476216,PASAJEROS
2020-12-12,MOTO,MASCULINO,71,2020-12-20,2020-0068,1,20:30:00,AVENIDA,DEL LIBERTADOR AV.,2,-58.39731474,-34.58307887,AUTO
2020-12-15,MOTO,MASCULINO,25,2020-12-15,2020-0069,1,05:20:00,AVENIDA,INDEPENDENCIA AV.,1,-58.38746381,-34.61790839,PASAJEROS
2020-12-17,PEATON,FEMENINO,81,2020-12-22,2020-0070,1,15:35:00,AVENIDA,CALLAO AV.,2,-58.39189441,-34.59176378,PASAJEROS
2020-12-17,PEATON,MASCULINO,4,2020-12-17,2020-0071,1,23:00:00,AVENIDA,SAN PEDRITO AV.,7,-58.46749188,-34.63551751,AUTO
2020-12-19,BICICLETA,MASCULINO,42,2020-12-19,2020-0072,1,03:30:00,AVENIDA,JUJUY AV.,3,-58.40280471,-34.62113271,AUTO
2020-12-20,MOTO,MASCULINO,56,2020-12-20,2020-0073,1,07:40:00,AVENIDA,27 DE FEBRERO AV.,8,-58.44451316,-34.68475866,OBJETO FIJO
2020-12-20,AUTO,MASCULINO,39,2020-12-20,2020-0074,1,21:00:00,AVENIDA,BOGOTA,7,-58.47110424,-34.62742408,AUTO
2020-12-23,PEATON,MASCULINO,23,2020-12-23,2020-0075,1,14:00:00,AVENIDA,CORRIENTES AV.,1,-58.38220928,-34.60373898,PASAJEROS
2020-12-24,AUTO,FEMENINO,78,2021-01-17,2020-0076,1,12:30:00,AVENIDA,ALVAREZ JONTE AV.,10,-58.49794468,-34.61565025,PASAJEROS
2020-12-25,MOTO,FEMENINO,30,2020-12-25,2020-0077,2,06:40:00,AVENIDA,SAN MARTIN AV.,15,-58.47220945,-34.60111373,AUTO
2020-12-25,MOTO,FEMENINO,24,2020-12-25,2020-0077,2,06:40:00,AVENIDA,SAN MARTIN AV.,15,-58.47220945,-34.60111373,AUTO
2020-12-25,BICICLETA,MASCULINO,26,2020-12-25,2020-0078,1,05:50:00,CALLE,BARCO CENTENERA DEL,7,-58.43706741,-34.63217813,PASAJEROS
2020-12-27,MOTO,MASCULINO,28,2020-12-27,2020-0079,1,04:15:00,AUTOPISTA,"PAZ, GRAL. AV.",12,-58.49332664,-34.54836855,OBJETO FIJO
2021-01-06,MOTO,MASCULINO,36,2021-01-06,2021-0001,1,18:00:00,AUTOPISTA,AUTOPISTA 1 SUR PRESIDENTE ARTURO FRONDIZI,1,-58.37960727,-34.62622851,AUTO
2021-01-07,MOTO,FEMENINO,47,2021-01-07,2021-0002,1,10:20:00,AVENIDA,"CASTRO, EMILIO AV.",9,-58.51061062,-34.64972472,CARGAS
2021-01-10,MOTO,MASCULINO,27,2021-01-10,2021-0003,1,07:40:00,AUTOPISTA,AUTOPISTA 25 DE MAYO,7,-58.43052224,-34.62941648,OBJETO FIJO
2021-01-11,PEATON,FEMENINO,61,2021-01-11,2021-0004,1,09:12:18,AVENIDA,CASEROS AV.,5,-58.41455544,-34.63866836,CARGAS
2021-01-11,PEATON,MASCULINO,73,2021-01-14,2021-0005,1,21:30:00,AVENIDA,"PERON, EVA AV.",9,-58.46774439,-34.64730145,AUTO
2021-01-12,MOTO,FEMENINO,23,2021-01-12,2021-0006,1,21:00:00,AUTOPISTA,AUTOPISTA ARTURO ILLIA,14,-58.40786274,-34.56726817,CARGAS
2021-01-18,MOTO,MASCULINO,84,2021-01-26,2021-0007,1,10:00:00,AVENIDA,DE LOS CONSTITUYENTES AV.,15,-58.48744301,-34.58622275,MOTO
2021-01-22,PEATON,MASCULINO,28,2021-01-22,2021-0008,1,23:30:00,AVENIDA,SAENZ AV.,4,-58.41657793,-34.65476216,PASAJEROS
2021-01-23,MOTO,MASCULINO,31,2021-01-23,2021-0009,1,05:30:00,AVENIDA,PAYSANDU,6,-58.45351111,-34.61134937,OBJETO FIJO
2021-01-23,MOTO,MASCULINO,28,2021-01-23,2021-0010,1,08:00:00,AUTOPISTA,"PAZ, GRAL. AV.",12,-58.5007381,-34.5497951,AUTO
2021-01-27,PEATON,MASCULINO,21,2021-01-27,2021-0011,1,01:04:26,AVENIDA,SANTA FE AV.,2,-58.39144148,-34.59564871,AUTO
2021-01-29,PEATON,MASCULINO,37,2021-01-29,2021-0012,1,20:07:22,AUTOPISTA,"DELLEPIANE, LUIS, TTE. GRAL.",8,-58.48191128,-34.68385968,AUTO
2021-01-31,MOTO,MASCULINO,41,2021-01-31,2021-0013,1,06:10:00,AVENIDA,"FALCON, RAMON L.,CNEL.",10,-58.48727942,-34.63652467,OBJETO FIJO
2021-02-02,PEATON,MASCULINO,28,2021-02-18,2021-0014,1,00:50:00,AVENIDA,SAN MARTIN AV.,15,-58.48328708,-34.59779521,AUTO
2021-02-06,MOTO,MASCULINO,26,2021-02-06,2021-0015,1,03:05:00,AVENIDA,SAN MARTIN AV.,15,-58.49018543,-34.5972499,OBJETO FIJO
2021-02-14,AUTO,MASCULINO,22,2021-02-14,2021-0016,1,05:50:00,AVENIDA,"FERNANDEZ DE LA CRUZ, F., GRAL. AV.",8,-58.47230127,-34.68482689,OBJETO FIJO
2021-02-17,MOTO,MASCULINO,33,2021-02-17,2021-0017,1,04:10:00,AVENIDA,SALTA,1,-58.38262614,-34.63168269,PASAJEROS
2021-02-20,PEATON,MASCULINO,36,2021-03-08,2021-0018,1,19:00:00,CALLE,"JAURES, JEAN",3,-58.41047268,-34.60793518,AUTO
2021-02-21,MOTO,MASCULINO,30,2021-02-21,2021-0019,1,01:20:00,AVENIDA,TRIUNVIRATO AV.,12,-58.49659234,-34.56353635,OBJETO FIJO
2021-02-21,PEATON,FEMENINO,37,2021-02-21,2021-0020,1,15:00:00,CALLE,POTOSI,5,-58.42462955,-34.60727189,CARGAS
2021-02-26,MOTO,MASCULINO,39,2021-03-04,2021-0021,1,05:30:00,CALLE,"YRIGOYEN, HIPOLITO",3,-58.41168345,-34.61185625,OBJETO FIJO
2021-03-03,BICICLETA,MASCULINO,5,2021-03-03,2021-0024,1,16:30:00,AVENIDA,"PERON, EVA AV.",9,-58.49573651,-34.67006054,CARGAS
2021-03-11,MOTO,MASCULINO,37,2021-03-11,2021-0025,1,03:45:00,AUTOPISTA,"PAZ, GRAL. AV.",8,-58.48695354,-34.68795245,OTRO
2021-03-15,MOTO,MASCULINO,36,2021-03-15,2021-0026,1,02:35:00,AUTOPISTA,AUTOPISTA 1 SUR PRESIDENTE ARTURO FRONDIZI,4,-58.37562539,-34.64449357,OBJETO FIJO
2021-03-16,MOTO,FEMENINO,19,2021-03-16,2021-0027,1,15:30:00,AUTOPISTA,"PAZ, GRAL. AV.",12,-58.49491054,-34.54795581,CARGAS
2021-03-29,PEATON,MASCULINO,37,2021-03-29,2021-0028,1,17:20:00,AVENIDA,COREA AV.,7,-58.44147621,-34.64357704,PASAJEROS
2021-03-31,AUTO,MASCULINO,26,2021-04-02,2021-0029,1,18:05:00,AVENIDA,"FALCON, RAMON L.,CNEL.",7,-58.46899119,-34.63215432,AUTO
2021-04-03,PEATON,MASCULINO,36,2021-04-07,2021-0030,1,18:30:00,CALLE,FINOCHIETTO ENRIQUE DR.,4,-58.38685612,-34.63455776,PASAJEROS
2021-04-07,PEATON,FEMENINO,68,2021-04-11,2021-0031,1,10:29:00,AVENIDA,9 DE JULIO AV.,1,-58.38113667,-34.61765323,CARGAS
2021-04-10,PEATON,MASCULINO,60,2021-04-29,2021-0032,1,19:55:00,AUTOPISTA,"CANTILO, INT.",13,-58.44112678,-34.54538956,MOTO
2021-04-14,AUTO,MASCULINO,33,2021-04-14,2021-0033,1,17:50:00,AUTOPISTA,AUTOPISTA 25 DE MAYO,5,-58.41595919,-34.62743346,OBJETO FIJO
2021-04-19,MOTO,FEMENINO,26,2021-04-19,2021-0034,1,14:40:00,AVENIDA,"ALCORTA, AMANCIO AV.",4,-58.40184094,-34.64546845,CARGAS
2021-05-03,MOTO,MASCULINO,24,2021-05-03,2021-0035,1,09:20:00,AVENIDA,"JANER, ANA MARIA",8,-58.44642231,-34.65679806,CARGAS
2021-05-09,MOTO,MASCULINO,36,2021-05-09,2021-0036,1,06:00:00,AUTOPISTA,"PAZ, GRAL. AV.",11,-58.52340614,-34.59798754,OBJETO FIJO
2021-05-11,PEATON,FEMENINO,58,2021-05-11,2021-0037,1,07:10:00,AVENIDA,MONROE,13,-58.46649069,-34.56219075,PASAJEROS
2021-05-14,MOTO,FEMENINO,44,2021-05-14,2021-0038,1,11:40:00,AVENIDA,"JUSTO, JUAN B. AV.",14,-58.42653328,-34.57816791,CARGAS
2021-05-15,BICICLETA,MASCULINO,86,2021-06-05,2021-0039,1,12:09:00,AVENIDA,OLIDEN,9,-58.50407099,-34.65303372,AUTO
2021-05-20,MOTO,MASCULINO,27,2021-05-20,2021-0040,1,05:50:00,AUTOPISTA,"PAZ, GRAL. AV.",13,-58.46743471,-34.53476874,AUTO
2021-05-20,PEATON,MASCULINO,75,2021-05-20,2021-0041,1,08:30:00,AVENIDA,DEL LIBERTADOR AV.,14,-58.40986646,-34.5772806,PASAJEROS
2021-05-21,PEATON,MASCULINO,39,2021-05-21,2021-0042,1,05:00:00,AVENIDA,RIVADAVIA AV.,9,-58.51739138,-34.63931792,PASAJEROS
2021-05-22,PEATON,MASCULINO,50,2021-05-22,2021-0043,1,18:26:00,AVENIDA,"ALBERDI, JUAN BAUTISTA AV.",9,-58.50719962,-34.65556223,AUTO
2021-05-25,MOTO,MASCULINO,21,2021-05-25,2021-0044,1,02:00:00,AVENIDA,"PERON, EVA AV.",9,-58.46712311,-34.64600222,OBJETO FIJO
2021-05-26,MOTO,MASCULINO,22,2021-05-26,2021-0045,1,17:24:00,AUTOPISTA,AUTOPISTA 1 SUR PRESIDENTE ARTURO FRONDIZI,4,-58.37709334,-34.64035082,MULTIPLE
2021-05-31,AUTO,MASCULINO,20,2021-05-31,2021-0046,1,02:00:00,AVENIDA,ELCANO AV.,15,-58.46033141,-34.58569883,OBJETO FIJO
2021-06-02,MOTO,MASCULINO,59,2021-06-02,2021-0047,1,16:00:00,AVENIDA,"VEDIA, AGUSTIN DE",4,-58.42190745,-34.65633192,AUTO
2021-06-03,BICICLETA,MASCULINO,44,2021-06-23,2021-0048,1,09:58:00,AVENIDA,CAPDEVILA,12,-58.49026573,-34.5698141,AUTO
2021-06-03,AUTO,MASCULINO,74,2021-06-03,2021-0049,1,20:30:00,AVENIDA,"FERNANDEZ DE LA CRUZ, F., GRAL. AV.",8,-58.45410344,-34.66902702,AUTO
2021-06-10,MOTO,MASCULINO,56,2021-06-10,2021-0050,1,13:30:00,AVENIDA,DEL LIBERTADOR AV.,13,-58.44751621,-34.55719892,PASAJEROS
2021-06-15,PEATON,MASCULINO,73,2021-06-16,2021-0051,1,19:20:00,AVENIDA,27 DE FEBRERO AV.,4,-58.42040352,-34.66005171,CARGAS
2021-06-20,MOTO,FEMENINO,19,2021-06-20,2021-0052,1,05:40:00,AUTOPISTA,"PAZ, GRAL. AV.",8,-58.49530249,-34.68010798,OBJETO FIJO
2021-06-20,PEATON,MASCULINO,58,2021-06-30,2021-0053,1,12:00:00,AVENIDA,CORRIENTES AV.,15,-58.44399875,-34.5947736,BICICLETA
2021-06-22,MOTO,MASCULINO,41,2021-06-22,2021-0054,1,14:44:00,CALLE,TABARE,4,-58.42759813,-34.65463857,CARGAS
2021-06-29,MOTO,MASCULINO,47,2021-06-29,2021-0055,1,12:20:00,AVENIDA,CORRIENTES AV.,3,-58.40547222,-34.60456293,CARGAS
2021-07-09,BICICLETA,MASCULINO,60,2021-07-09,2021-0056,1,23:25:00,AVENIDA,CORRALES,4,-58.42473018,-34.6500828,AUTO
2021-07-10,AUTO,MASCULINO,46,2021-07-10,2021-0057,1,23:30:00,AUTOPISTA,AUTOPISTA ARTURO ILLIA,2,-58.39257023,-34.57563957,OBJETO FIJO
2021-07-21,PEATON,MASCULINO,24,2021-07-21,2021-0058,1,00:40:00,AUTOPISTA,"PAZ, GRAL. AV.",12,-58.48941042,-34.54596153,AUTO
2021-07-22,AUTO,FEMENINO,44,2021-07-22,2021-0059,1,01:20:00,AVENIDA,"GARAY, JUAN DE AV.",3,-58.3964074,-34.62783085,OBJETO FIJO
2021-07-22,PEATON,FEMENINO,80,2021-07-22,2021-0060,1,12:30:00,AVENIDA,"SALGUERO, JERONIMO",5,-58.41971993,-34.6111224,PASAJEROS
2021-07-24,PEATON,FEMENINO,55,2021-07-24,2021-0061,1,09:15:00,AVENIDA,"MORENO, PERITO AV.",4,-58.40544588,-34.65012801,CARGAS
2021-07-27,AUTO,MASCULINO,73,2021-07-27,2021-0062,1,07:16:00,AVENIDA,LA PLATA AV.,4,-58.42003882,-34.64645957,CARGAS
2021-08-02,AUTO,FEMENINO,31,2021-08-02,2021-0063,1,04:40:00,AVENIDA,"ALBERDI, JUAN BAUTISTA AV.",7,-58.46851293,-34.63348678,AUTO
2021-08-02,PEATON,MASCULINO,37,2021-08-03,2021-0064,1,20:00:00,AUTOPISTA,"PAZ, GRAL. AV.",9,-58.52931141,-34.65422917,CARGAS
2021-08-06,PEATON,FEMENINO,63,2021-08-10,2021-0065,1,08:30:00,AVENIDA,SAN JUAN AV.,6,-58.42675754,-34.6269973,PASAJEROS
2021-08-06,PEATON,MASCULINO,59,2021-08-09,2021-0066,1,20:00:00,AVENIDA,LOPE DE VEGA AV.,11,-58.52933723,-34.61098186,PASAJEROS
2021-08-08,MOTO,MASCULINO,27,2021-08-08,2021-0067,1,09:29:00,AUTOPISTA,AUTOPISTA 1 SUR PRESIDENTE ARTURO FRONDIZI,1,-58.37910943,-34.62764718,OBJETO FIJO
2021-08-15,MOTO,MASCULINO,39,2021-08-15,2021-0068,1,06:10:00,AVENIDA,"BEIRO, FRANCISCO AV.",11,-58.52161176,-34.61164474,OBJETO FIJO
2021-08-20,PEATON,MASCULINO,17,2021-08-21,2021-0069,1,17:15:00,AVENIDA,SANTA FE AV.,14,-58.41354692,-34.5869768,AUTO
2021-08-28,MOTO,MASCULINO,31,2021-08-28,2021-0070,1,08:30:00,AVENIDA,"CHILAVERT, MARTINIANO, CORONEL",8,-58.43960781,-34.65470804,CARGAS
2021-08-31,PEATON,MASCULINO,88,2021-09-01,2021-0071,1,16:00:00,CALLE,SAN LUIS,3,-58.4045461,-34.60003693,MOTO
2021-09-01,PEATON,FEMENINO,57,2021-09-01,2021-0072,1,19:10:00,AVENIDA,CALLAO AV.,2,-58.39303911,-34.59871111,AUTO
2021-09-18,BICICLETA,FEMENINO,76,2021-09-18,2021-0073,1,12:20:00,AVENIDA,DEL LIBERTADOR AV.,2,-58.39391034,-34.58405348,AUTO
2021-09-20,MOTO,MASCULINO,55,2021-09-20,2021-0074,1,15:00:00,AUTOPISTA,"PAZ, GRAL. AV.",12,-58.5007381,-34.5497951,MULTIPLE
2021-09-21,PEATON,MASCULINO,65,2021-09-21,2021-0075,1,14:30:00,CALLE,SALTA,1,-58.38281301,-34.62786038,CARGAS
2021-10-16,MOTO,MASCULINO,31,2021-10-16,2021-0076,1,06:15:00,AVENIDA,"MORENO, PERITO AV.",7,-58.43980799,-34.65094083,OBJETO FIJO
2021-10-18,MOTO,FEMENINO,31,2021-10-18,2021-0077,1,07:20:00,AVENIDA,DIRECTORIO AV.,6,-58.44402387,-34.62933109,CARGAS
2021-10-23,MOTO,MASCULINO,22,2021-10-23,2021-0078,1,06:35:00,AVENIDA,INDEPENDENCIA AV.,6,-58.42779702,-34.62207347,PASAJEROS
2021-10-25,PEATON,MASCULINO,37,2021-10-25,2021-0079,1,03:30:00,CALLE,TUCUMAN,3,-58.40944147,-34.60097942,AUTO
2021-10-28,MOTO,MASCULINO,32,2021-10-28,2021-0080,1,16:16:00,AVENIDA,ARENALES,1,-58.38277479,-34.5943016,AUTO
2021-11-02,MOTO,MASCULINO,26,2021-11-02,2021-0081,1,13:35:00,AUTOPISTA,AUTOPISTA 1 SUR PRESIDENTE ARTURO FRONDIZI,4,-58.37627355,-34.63800916,CARGAS
2021-11-06,MOTO,MASCULINO,38,2021-11-06,2021-0082,1,04:39:00,AUTOPISTA,AUTOPISTA 25 DE MAYO,3,-58.39591856,-34.62453459,AUTO
2021-11-09,MOTO,MASCULINO,30,2021-11-09,2021-0083,1,00:35:00,AVENIDA,CABILDO AV.,13,-58.45829717,-34.56015762,AUTO
2021-11-11,AUTO,MASCULINO,32,2021-11-11,2021-0084,1,03:00:00,AVENIDA,TAPALQUE,9,-58.49142611,-34.64584795,OBJETO FIJO
2021-11-18,BICICLETA,MASCULINO,53,2021-11-19,2021-0097,1,06:10:00,CALLE,PADRE CARLOS MUJICA,1,-58.37976155,-34.58679619,AUTO
2021-11-20,MOTO,MASCULINO,49,2021-11-20,2021-0085,1,18:30:00,AUTOPISTA,"PAZ, GRAL. AV.",12,-58.51271409,-34.57786555,OBJETO FIJO
2021-11-25,PEATON,MASCULINO,75,2021-11-25,2021-0086,1,10:10:00,AVENIDA,RIVADAVIA AV.,6,-58.44864864,-34.62352826,PASAJEROS
2021-11-27,PEATON,FEMENINO,73,2021-11-27,2021-0087,1,11:22:00,CALLE,ESMERALDA,1,-58.37795815,-34.59167894,BICICLETA
2021-12-01,MOTO,MASCULINO,45,2021-12-07,2021-0088,1,15:40:00,CALLE,MONROE,13,-58.45531707,-34.55555257,AUTO
2021-12-02,MOTO,MASCULINO,41,2021-12-11,2021-0089,1,01:10:00,AVENIDA,GAONA AV.,11,-58.47633683,-34.62140594,AUTO
2021-12-10,PEATON,MASCULINO,73,2022-01-03,2021-0090,1,11:45:00,AVENIDA,9 DE JULIO AV.,1,-58.38188582,-34.60256036,PASAJEROS
2021-12-11,MOTO,MASCULINO,24,2021-12-11,2021-0091,1,23:00:00,CALLE,BAIGORRIA,10,-58.51989389,-34.62284918,AUTO
2021-12-12,PEATON,FEMENINO,50,2021-12-12,2021-0092,1,06:20:00,AVENIDA,RIVADAVIA AV.,3,-58.4059686,-34.61011987,AUTO
2021-12-13,MOTO,FEMENINO,18,2021-12-18,2021-0093,1,17:10:00,AVENIDA,RIESTRA AV.,7,-58.43353773,-34.64561636,AUTO
2021-12-20,MOTO,FEMENINO,43,2021-12-20,2021-0094,1,01:10:00,AUTOPISTA,"DELLEPIANE, LUIS, TTE. GRAL.",9,-58.46739825,-34.65117757,AUTO
2021-12-30,MOTO,MASCULINO,27,2022-01-02,2021-0095,1,00:43:00,AVENIDA,GAONA AV.,11,-58.47293407,-34.61984745,CARGAS
2021-12-15,AUTO,MASCULINO,60,2021-12-20,2021-0096,1,10:30:00,AVENIDA,"PERON, EVA AV.",9,-58.47066794,-34.65021673,CARGAS
